"case_id","date_opened","case_status","last_action_date","date_closed","case_request","city","state","latitude","longitude"
"467818","2025-02-19T00:00:00.000","Open","2026-06-01T00:00:00.000",,"Potholes","Berkeley","CA","37.8695983886719","-122.252304077148"
"471511","2025-02-13T00:00:00.000","Closed","2025-11-13T00:00:00.000","2025-11-13T00:00:00.000","Storm Drain Problem/Maintenance","Berkeley","CA","37.877364","-122.257188"
"476057","2025-01-24T00:00:00.000","Open","2025-11-20T00:00:00.000",,"Sign Repair and Reinstallation","Berkeley","CA","37.869282","-122.248908"
"479814","2025-02-24T00:00:00.000","Closed","2025-11-26T00:00:00.000","2025-11-26T00:00:00.000","Miscellaneous Service Request","Berkeley","CA","37.871253","-122.2677045"
"480683","2025-03-03T00:00:00.000","Closed","2026-02-09T00:00:00.000","2026-02-09T00:00:00.000","Telegraph Channing Way Loo","Berkeley","CA","37.867284","-122.25942"
"481284","2025-03-06T00:00:00.000","Closed","2025-12-23T00:00:00.000","2025-12-23T00:00:00.000","Removal of Homeless Possessions","Berkeley","CA","37.873305","-122.273208"
"481532","2025-03-07T00:00:00.000","Closed","2025-10-07T00:00:00.000","2025-10-07T00:00:00.000","Street Lights - Repair","Berkeley","CA","37.871027000000012","-122.267374"
"481562","2025-03-07T00:00:00.000","Closed","2025-10-24T00:00:00.000","2025-10-24T00:00:00.000","Illegal Dumping - City Property","Berkeley","CA","37.863549","-122.268591"
"481636","2025-03-08T00:00:00.000","Closed","2025-11-05T00:00:00.000","2025-11-05T00:00:00.000","Illegal Dumping","Berkeley","CA","37.878544611147937","-122.27395990059246"
"481638","2025-03-09T00:00:00.000","Closed","2025-12-16T00:00:00.000","2025-12-16T00:00:00.000","Illegal Dumping","Berkeley","CA","37.873528549124131","-122.27351243536563"
"482647","2025-03-17T00:00:00.000","Closed","2026-04-24T00:00:00.000","2026-04-24T00:00:00.000","Miscellaneous - Transportation","Berkeley","CA","37.862118","-122.253552"
"484391","2025-03-28T00:00:00.000","Closed","2025-12-30T00:00:00.000","2025-12-30T00:00:00.000","Miscellaneous Service Request","Berkeley","CA","37.874808","-122.2652025"
"484636","2025-04-01T00:00:00.000","Closed","2025-11-11T00:00:00.000","2025-11-11T00:00:00.000","Tree Planting","Berkeley","CA","37.871523","-122.27112"
"486544","2025-04-15T00:00:00.000","Closed","2025-10-06T00:00:00.000","2025-10-06T00:00:00.000","Miscellaneous - Transportation","Berkeley","CA","37.875999891462293","-122.26012174947"
"486545","2025-04-15T00:00:00.000","Closed","2025-10-06T00:00:00.000","2025-10-06T00:00:00.000","Miscellaneous - Transportation","Berkeley","CA","37.8772158679569","-122.25948353854378"
"486777","2025-04-16T00:00:00.000","Closed","2025-10-06T00:00:00.000","2025-10-06T00:00:00.000","Miscellaneous - Transportation","Berkeley","CA","37.87516606492688","-122.26007937848021"
"486778","2025-04-16T00:00:00.000","Closed","2025-10-06T00:00:00.000","2025-10-06T00:00:00.000","Miscellaneous - Transportation","Berkeley","CA","37.875222721803574","-122.26012209359976"
"487006","2025-04-18T00:00:00.000","Closed","2025-10-06T00:00:00.000","2025-10-06T00:00:00.000","Miscellaneous - Transportation","Berkeley","CA","37.876171658689","-122.265368658046"
"488784","2025-05-01T00:00:00.000","Closed","2025-12-29T00:00:00.000","2025-12-29T00:00:00.000","Illegal Dumping - City Property","Berkeley","CA","37.868981402575962","-122.27225928827347"
"490596","2025-05-13T00:00:00.000","Closed","2025-12-23T00:00:00.000","2025-12-23T00:00:00.000","Illegal Dumping - City Property","Berkeley","CA","37.868888673673915","-122.27259507745438"
"490744","2025-05-13T00:00:00.000","Closed","2025-12-16T00:00:00.000","2025-12-16T00:00:00.000","Illegal Dumping - City Property","Berkeley","CA","37.868962855895461","-122.27229520128968"
"490763","2025-05-13T00:00:00.000","Closed","2025-12-29T00:00:00.000","2025-12-29T00:00:00.000","Overgrown Vegetation/Turf","Berkeley","CA","37.868778","-122.2727175"
"490851","2025-05-14T00:00:00.000","Closed","2026-08-26T00:00:00.000","2026-08-26T00:00:00.000","Street Striping/Marking (Refresh)","Berkeley","CA","37.879373166833808","-122.26918754853419"
"491051","2025-05-14T00:00:00.000","Closed","2025-12-23T00:00:00.000","2025-12-23T00:00:00.000","Litter Pickup - Parks","Berkeley","CA","37.873305","-122.273208"
"491542","2025-05-16T00:00:00.000","Closed","2025-11-04T00:00:00.000","2025-11-04T00:00:00.000","Porta Potties - Parks","Berkeley","CA","37.868778","-122.2727175"
"491544","2025-05-16T00:00:00.000","Closed","2025-12-29T00:00:00.000","2025-12-29T00:00:00.000","Pressure Washing","Berkeley","CA","37.868778","-122.2727175"
"492385","2025-05-22T00:00:00.000","Closed","2025-12-29T00:00:00.000","2025-12-29T00:00:00.000","Litter Pickup - Parks","Berkeley","CA","37.868959928696334","-122.27250812010128"
"492701","2025-05-23T00:00:00.000","On Hold","2025-11-04T00:00:00.000",,"Mattress Program","Berkeley","CA","37.873989","-122.269977"
"492952","2025-05-27T00:00:00.000","Closed","2026-01-27T00:00:00.000","2026-01-27T00:00:00.000","Tree Planting","Berkeley","CA","37.862082","-122.250321"
"493457","2025-05-28T00:00:00.000","Closed","2025-10-23T00:00:00.000","2025-10-23T00:00:00.000","Plumbing","Berkeley","CA","37.873305","-122.273208"
"493574","2025-05-29T00:00:00.000","Closed","2025-11-03T00:00:00.000","2025-11-03T00:00:00.000","Irrigation System","Berkeley","CA","37.883943439683669","-122.26958529487399"
"494504","2025-06-03T00:00:00.000","Closed","2025-12-10T00:00:00.000","2025-12-10T00:00:00.000","Curb Repainting","Berkeley","CA","37.878291","-122.2716195"
"494685","2025-06-04T00:00:00.000","Closed","2025-12-29T00:00:00.000","2025-12-29T00:00:00.000","Fixtures","Berkeley","CA","37.87011836675","-122.269969512224"
"497894","2025-06-18T00:00:00.000","Closed","2025-12-02T00:00:00.000","2025-12-02T00:00:00.000","Tree Pruning","Berkeley","CA","37.878777","-122.264928"
"498345","2025-06-20T00:00:00.000","Closed","2026-01-15T00:00:00.000","2026-01-15T00:00:00.000","Unknown Water","Berkeley","CA","37.863060191477636","-122.27192017101999"
"498367","2025-06-21T00:00:00.000","Closed","2025-10-08T00:00:00.000","2025-10-08T00:00:00.000","Parking Enforcement - Request for Enforcement","Berkeley","CA","37.878714","-122.272992"
"498373","2025-06-21T00:00:00.000","Closed","2025-10-08T00:00:00.000","2025-10-08T00:00:00.000","Living or Sleeping in Abandoned Vehicle","Berkeley","CA","37.872963","-122.273865"
"498454","2025-06-23T00:00:00.000","Closed","2026-01-13T00:00:00.000","2026-01-13T00:00:00.000","Facilities Electrical","Berkeley","CA","37.870056","-122.2732215"
"498870","2025-06-24T00:00:00.000","Closed","2026-03-06T00:00:00.000","2026-03-06T00:00:00.000","Median Vegetation Maintenance","Berkeley","CA","37.874852374563069","-122.26871152118189"
"499388","2025-06-27T00:00:00.000","Closed","2026-03-13T00:00:00.000","2025-08-07T00:00:00.000","Potholes","Berkeley","CA","37.881017798663855","-122.26916408529355"
"499600","2025-06-28T00:00:00.000","Closed","2026-04-27T00:00:00.000","2026-04-27T00:00:00.000","Restroom Cleaning","Berkeley","CA","37.865154582922","-122.267518594121"
"499603","2025-06-28T00:00:00.000","Closed","2026-04-27T00:00:00.000","2026-04-27T00:00:00.000","Restroom Cleaning","Berkeley","CA","37.877280354923","-122.260593544069"
"500362","2025-07-02T00:00:00.000","Closed","2026-03-06T00:00:00.000","2026-03-06T00:00:00.000","Graffiti Abatement - Parks","Berkeley","CA","37.869061340887789","-122.24921745065754"
"500698","2025-07-07T00:00:00.000","Closed","2026-01-27T00:00:00.000","2026-01-27T00:00:00.000","Tree Planting","Berkeley","CA","37.880082","-122.263191"
"500705","2025-07-07T00:00:00.000","Closed","2026-01-07T00:00:00.000","2026-01-07T00:00:00.000","Tree Pruning","Berkeley","CA","37.871892","-122.26869"
"500833","2025-07-07T00:00:00.000","Open","2026-06-01T00:00:00.000",,"Street Striping/Marking (Refresh)","Berkeley","CA","37.869597","-122.2523055"
"501151","2025-07-08T00:00:00.000","Closed","2025-09-20T00:00:00.000","2025-09-20T00:00:00.000","Pressure Washing","Berkeley","CA","37.86921638509758","-122.27107381167411"
"501566","2025-07-10T00:00:00.000","Closed","2025-11-25T00:00:00.000","2025-11-25T00:00:00.000","Pathways - PR&W Facilities","Berkeley","CA","37.877280354923","-122.260593544069"
"501806","2025-07-13T00:00:00.000","Closed","2026-01-15T00:00:00.000","2026-01-15T00:00:00.000","Miscellaneous - Transportation","Berkeley","CA","37.873666564370325","-122.27076031789551"
"501852","2025-07-14T00:00:00.000","Closed","2025-09-23T00:00:00.000","2025-09-23T00:00:00.000","Graffiti Abatement - Traffic Maintenance","Berkeley","CA","37.878561","-122.2680105"
"503122","2025-07-21T00:00:00.000","Closed","2025-10-01T00:00:00.000","2025-10-01T00:00:00.000","Miscellaneous - Transportation","Berkeley","CA","37.868073254801","-122.263804495549"
"504141","2025-07-28T00:00:00.000","Closed","2026-09-01T00:00:00.000","2026-09-01T00:00:00.000","Sewer Maintenance","Berkeley","CA","37.879812","-122.257755"
"504192","2025-07-28T00:00:00.000","Closed","2025-10-30T00:00:00.000","2025-10-30T00:00:00.000","Tree Pruning","Berkeley","CA","37.878219","-122.2621155"
"504419","2025-07-29T00:00:00.000","Closed","2026-03-06T00:00:00.000","2026-03-06T00:00:00.000","Graffiti Abatement - Parks","Berkeley","CA","37.869028521524115","-122.24920269850793"
"504473","2025-07-29T00:00:00.000","Closed","2025-09-22T00:00:00.000","2025-09-22T00:00:00.000","Sign Repair and Reinstallation","Berkeley","CA","37.866155578928556","-122.24734544347464"
"504516","2025-07-30T00:00:00.000","Closed","2026-09-09T00:00:00.000","2026-09-09T00:00:00.000","Tree Pruning","Berkeley","CA","37.865142","-122.2654545"
"504564","2025-07-30T00:00:00.000","Closed","2026-03-28T00:00:00.000","2026-03-28T00:00:00.000","TNC AR10.2","Berkeley","CA","37.866618","-122.2610985"
"504766","2025-07-31T00:00:00.000","Closed","2026-01-27T00:00:00.000","2026-01-27T00:00:00.000","Tree Planting","Berkeley","CA","37.863738","-122.2555005"
"504881","2025-08-01T00:00:00.000","Closed","2025-09-23T00:00:00.000","2025-09-23T00:00:00.000","Sign Repair and Reinstallation","Berkeley","CA","37.865509239344107","-122.25631851683212"
"505146","2025-08-04T00:00:00.000","Closed","2026-01-20T00:00:00.000","2026-01-20T00:00:00.000","Tree Planting","Berkeley","CA","37.862595","-122.2527915"
"505153","2025-08-04T00:00:00.000","Closed","2025-10-27T00:00:00.000","2025-10-27T00:00:00.000","Tree Removal","Berkeley","CA","37.880172","-122.2644285"
"505221","2025-08-04T00:00:00.000","Closed","2026-01-26T00:00:00.000","2026-01-26T00:00:00.000","Tree Removal","Berkeley","CA","37.863828","-122.272551"
"506079","2025-08-08T00:00:00.000","Closed","2025-10-30T00:00:00.000","2025-10-30T00:00:00.000","Tree Pruning","Berkeley","CA","37.877229","-122.269311"
"506434","2025-08-11T00:00:00.000","Closed","2026-01-07T00:00:00.000","2026-01-07T00:00:00.000","Tree Pruning","Berkeley","CA","37.871983678825","-122.268478708851"
"506778","2025-08-12T00:00:00.000","Closed","2026-01-16T00:00:00.000","2026-01-16T00:00:00.000","Tree Removal","Berkeley","CA","37.881432","-122.2597215"
"506789","2025-08-12T00:00:00.000","Open","2025-11-21T00:00:00.000",,"Bus Bench Repair","Berkeley","CA","37.862391168165416","-122.24747725131228"
"507417","2025-08-15T00:00:00.000","Closed","2026-03-06T00:00:00.000","2026-03-06T00:00:00.000","Overgrown Vegetation/Turf","Berkeley","CA","37.883403","-122.2576965"
"508355","2025-08-21T00:00:00.000","Closed","2026-01-26T00:00:00.000","2026-01-26T00:00:00.000","Tree Pruning","Berkeley","CA","37.86858","-122.273334"
"508418","2025-08-21T00:00:00.000","Closed","2025-10-15T00:00:00.000","2025-10-15T00:00:00.000","Miscellaneous - Transportation","Berkeley","CA","37.865421","-122.253318"
"508758","2025-08-22T00:00:00.000","Closed","2025-09-20T00:00:00.000","2025-09-20T00:00:00.000","Illegal Dumping - City Property","Berkeley","CA","37.864575","-122.2679655"
"509314","2025-08-26T00:00:00.000","Closed","2025-10-01T00:00:00.000","2025-10-01T00:00:00.000","Graffiti Abatement - Traffic Maintenance","Berkeley","CA","37.862422196867833","-122.25000578910114"
"509315","2025-08-26T00:00:00.000","Closed","2025-09-23T00:00:00.000","2025-09-23T00:00:00.000","Graffiti Abatement - Traffic Maintenance","Berkeley","CA","37.863925125861634","-122.25015766918658"
"509316","2025-08-26T00:00:00.000","Closed","2025-10-01T00:00:00.000","2025-10-01T00:00:00.000","Graffiti Abatement - Traffic Maintenance","Berkeley","CA","37.8789357932414","-122.26566050201656"
"509507","2025-08-28T00:00:00.000","Closed","2026-03-06T00:00:00.000","2026-03-06T00:00:00.000","Litter Pickup - Parks","Berkeley","CA","37.865154582922","-122.267518594121"
"509595","2025-08-28T00:00:00.000","Closed","2026-01-27T00:00:00.000","2026-01-27T00:00:00.000","Parking Meter Repair","Berkeley","CA","37.87354578549","-122.268481048386"
"509694","2025-08-28T00:00:00.000","Closed","2026-03-06T00:00:00.000","2026-03-06T00:00:00.000","Graffiti Abatement - Parks","Berkeley","CA","37.869055253162323","-122.24918452948209"
"509993","2025-08-30T00:00:00.000","Closed","2026-08-06T00:00:00.000","2026-08-06T00:00:00.000","New Traffic Signal Request","Berkeley","CA","37.876608","-122.2689105"
"510229","2025-09-02T00:00:00.000","Closed","2025-10-08T00:00:00.000","2025-10-08T00:00:00.000","Unknown Water","Berkeley","CA","37.862388","-122.255847"
"510271","2025-09-02T00:00:00.000","Closed","2025-12-29T00:00:00.000","2025-12-29T00:00:00.000","Vegetation Violation Notice","Berkeley","CA","37.863369","-122.2576335"
"510361","2025-09-02T00:00:00.000","Closed","2025-10-27T00:00:00.000","2025-10-27T00:00:00.000","Illegal Dumping - City Property","Berkeley","CA","37.863774","-122.254722"
"510496","2025-09-03T00:00:00.000","Closed","2026-04-26T00:00:00.000","2026-04-26T00:00:00.000","Illegal Dumping - City Property","Berkeley","CA","37.877742","-122.2591005"
"510498","2025-09-03T00:00:00.000","Closed","2025-09-30T00:00:00.000","2025-09-30T00:00:00.000","Sign Repair and Reinstallation","Berkeley","CA","37.87758","-122.2609275"
"510519","2025-09-03T00:00:00.000","Closed","2026-01-27T00:00:00.000","2026-01-27T00:00:00.000","Tree Planting","Berkeley","CA","37.864071","-122.256018"
"510620","2025-09-04T00:00:00.000","Closed","2025-10-29T00:00:00.000","2025-10-29T00:00:00.000","Tree Removal","Berkeley","CA","37.882458","-122.2608105"
"510621","2025-09-04T00:00:00.000","Closed","2025-11-05T00:00:00.000","2025-11-05T00:00:00.000","Street Lights - Repair","Berkeley","CA","37.868139","-122.2637445"
"510623","2025-09-04T00:00:00.000","Closed","2026-02-11T00:00:00.000","2026-02-11T00:00:00.000","Tree Removal","Berkeley","CA","37.877426940473","-122.264117330989"
"510833","2025-09-04T00:00:00.000","Closed","2026-09-09T00:00:00.000","2026-09-09T00:00:00.000","Miscellaneous - Transportation","Berkeley","CA","37.881882","-122.2707195"
"511228","2025-09-07T00:00:00.000","Closed","2025-11-10T00:00:00.000","2025-11-10T00:00:00.000","Litter Pickup - Parks","Berkeley","CA","37.869216601508","-122.269258848088"
"511271","2025-09-08T00:00:00.000","Closed","2026-03-20T00:00:00.000","2026-03-20T00:00:00.000","Illegal Dumping - City Property","Berkeley","CA","37.867943377368","-122.258453351789"
"511274","2025-09-08T00:00:00.000","Closed","2026-03-20T00:00:00.000","2026-03-20T00:00:00.000","Illegal Dumping - City Property","Berkeley","CA","37.882359","-122.265882"
"511964","2025-09-10T00:00:00.000","Closed","2026-01-27T00:00:00.000","2026-01-27T00:00:00.000","Tree Planting","Berkeley","CA","37.883799548374","-122.270488785815"
"512262","2025-09-11T00:00:00.000","Closed","2025-10-07T00:00:00.000","2025-10-07T00:00:00.000","Tree Health Concerns - Insects and Disease","Berkeley","CA","37.864781016508","-122.26312888574"
"512267","2025-09-11T00:00:00.000","Closed","2025-09-24T00:00:00.000","2025-09-24T00:00:00.000","Tree Pruning","Berkeley","CA","37.883664","-122.256045"
"512320","2025-09-11T00:00:00.000","In Progress","2025-12-03T00:00:00.000",,"Miscellaneous - Transportation","Berkeley","CA","37.88317943370442","-122.24689996449587"
"512444","2025-09-12T00:00:00.000","Closed","2025-09-25T00:00:00.000","2025-09-25T00:00:00.000","Tree Pruning","Berkeley","CA","37.879551939088","-122.26918572174"
"512448","2025-09-12T00:00:00.000","Closed","2026-01-02T00:00:00.000","2026-01-02T00:00:00.000","Tree Pruning","Berkeley","CA","37.874916","-122.272776"
"512455","2025-09-12T00:00:00.000","Closed","2025-09-24T00:00:00.000","2025-09-24T00:00:00.000","Litter Pickup - Parks","Berkeley","CA","37.86777","-122.252049"
"512593","2025-09-12T00:00:00.000","Closed","2026-02-11T00:00:00.000","2026-02-11T00:00:00.000","Tree Health Concerns - Insects and Disease","Berkeley","CA","37.866519","-122.2492905"
"512602","2025-09-12T00:00:00.000","Closed","2025-09-26T00:00:00.000","2025-09-26T00:00:00.000","Sewer Maintenance","Berkeley","CA","37.865727","-122.2609095"
"512966","2025-09-15T00:00:00.000","Closed","2025-09-23T00:00:00.000","2025-09-23T00:00:00.000","Storm Drain Problem/Maintenance","Berkeley","CA","37.869399","-122.2679475"
"512991","2025-09-16T00:00:00.000","Closed","2025-09-24T00:00:00.000","2025-09-24T00:00:00.000","Forestry Miscellaneous","Berkeley","CA","37.874331","-122.2701885"
"513033","2025-09-16T00:00:00.000","Closed","2025-10-14T00:00:00.000","2025-10-14T00:00:00.000","Forestry Miscellaneous","Berkeley","CA","37.878462","-122.2712145"
"513139","2025-09-16T00:00:00.000","Closed","2025-09-19T00:00:00.000","2025-09-19T00:00:00.000","Signage or Pavement Marking","Berkeley","CA","37.867793640588275","-122.26613383752579"
"513197","2025-09-17T00:00:00.000","Closed","2025-09-29T00:00:00.000","2025-09-29T00:00:00.000","Forestry Miscellaneous","Berkeley","CA","37.86543","-122.2507755"
"513252","2025-09-17T00:00:00.000","Closed","2025-09-30T00:00:00.000","2025-09-30T00:00:00.000","Tree Pruning","Berkeley","CA","37.879661011621","-122.258900231312"
"513290","2025-09-17T00:00:00.000","Closed","2025-10-01T00:00:00.000","2025-10-01T00:00:00.000","Tree Pruning","Berkeley","CA","37.873404","-122.2688475"
"513319","2025-09-17T00:00:00.000","Closed","2025-09-29T00:00:00.000","2025-09-29T00:00:00.000","Parking Meter Repair","Berkeley","CA","37.87101295866492","-122.27019738311819"
"513340","2025-09-17T00:00:00.000","Closed","2025-10-17T00:00:00.000","2025-10-17T00:00:00.000","Tree Health Concerns - Insects and Disease","Berkeley","CA","37.883007","-122.246919"
"513389","2025-09-17T00:00:00.000","Closed","2025-10-03T00:00:00.000","2025-09-18T00:00:00.000","Miscellaneous","Berkeley","CA","37.863117","-122.2505505"
"513434","2025-09-18T00:00:00.000","Closed","2025-09-19T00:00:00.000","2025-09-19T00:00:00.000","Illegal Dumping - City Property","Berkeley","CA","37.868184","-122.2512435"
"513519","2025-09-18T00:00:00.000","Closed","2025-09-19T00:00:00.000","2025-09-19T00:00:00.000","Illegal Dumping - City Property","Berkeley","CA","37.87963853518194","-122.27214530880244"
"513543","2025-09-18T00:00:00.000","Closed","2025-09-19T00:00:00.000","2025-09-19T00:00:00.000","Illegal Dumping - City Property","Berkeley","CA","37.866852","-122.2641765"
"513551","2025-09-18T00:00:00.000","Closed","2025-09-19T00:00:00.000","2025-09-19T00:00:00.000","Illegal Dumping - City Property","Berkeley","CA","37.87245","-122.2660935"
"513572","2025-09-19T00:00:00.000","Closed","2025-09-19T00:00:00.000","2025-09-19T00:00:00.000","Illegal Dumping - City Property","Berkeley","CA","37.868346","-122.2670115"
"513575","2025-09-19T00:00:00.000","Closed","2025-10-12T00:00:00.000","2025-10-12T00:00:00.000","Pressure Washing","Berkeley","CA","37.862994452103194","-122.27192260416113"
"513602","2025-09-19T00:00:00.000","Closed","2025-12-08T00:00:00.000","2025-12-08T00:00:00.000","Street Lights - Repair","Berkeley","CA","37.866360155392506","-122.2560622883606"
"513685","2025-09-19T00:00:00.000","Closed","2025-09-19T00:00:00.000","2025-09-19T00:00:00.000","Storm Drain Problem/Maintenance","Berkeley","CA","37.869399","-122.2679475"
"513691","2025-09-19T00:00:00.000","Closed","2025-09-19T00:00:00.000","2025-09-19T00:00:00.000","Parking Meter Repair","Berkeley","CA","37.880361","-122.2682175"
"513695","2025-09-19T00:00:00.000","In Progress","2025-10-23T00:00:00.000",,"TNC AR10.2","Berkeley","CA","37.864473028102","-122.26306609198"
"513703","2025-09-19T00:00:00.000","Closed","2025-09-20T00:00:00.000","2025-09-20T00:00:00.000","Illegal Dumping - City Property","Berkeley","CA","37.87229289916916","-122.27375712023296"
"513746","2025-09-19T00:00:00.000","Closed","2025-09-24T00:00:00.000","2025-09-24T00:00:00.000","Unknown Water","Berkeley","CA","37.868886","-122.2668045"
"513753","2025-09-19T00:00:00.000","Closed","2025-09-20T00:00:00.000","2025-09-20T00:00:00.000","Illegal Dumping - City Property","Berkeley","CA","37.863306","-122.259357"
"513770","2025-09-20T00:00:00.000","Closed","2025-09-22T00:00:00.000","2025-09-22T00:00:00.000","Illegal Dumping - City Property","Berkeley","CA","37.870611428382027","-122.27328347670165"
"513804","2025-09-22T00:00:00.000","In Progress","2025-09-22T00:00:00.000",,"Elevator Services/Repair","Berkeley","CA","37.869462","-122.2709625"
"513809","2025-09-22T00:00:00.000","Closed","2025-09-29T00:00:00.000","2025-09-29T00:00:00.000","Graffiti Abatement - Streets and Utilities","Berkeley","CA","37.87016258507829","-122.24969380267503"
"513812","2025-09-22T00:00:00.000","Closed","2025-09-22T00:00:00.000","2025-09-22T00:00:00.000","Illegal Dumping - City Property","Berkeley","CA","37.867339437071237","-122.25447715963421"
"513823","2025-09-22T00:00:00.000","Closed","2025-10-01T00:00:00.000","2025-10-01T00:00:00.000","Pedestrian Signals Repair","Berkeley","CA","37.871559","-122.2730145"
"513829","2025-09-22T00:00:00.000","Closed","2025-09-24T00:00:00.000","2025-09-24T00:00:00.000","Sewer Maintenance","Berkeley","CA","37.864755","-122.270508"
"513834","2025-09-22T00:00:00.000","Closed","2025-09-22T00:00:00.000","2025-09-22T00:00:00.000","Pressure Washing","Berkeley","CA","37.87195431203","-122.269508578926"
"513839","2025-09-22T00:00:00.000","Open","2025-09-22T00:00:00.000",,"TNC AR10.2","Berkeley","CA","37.864539","-122.2630065"
"513840","2025-09-22T00:00:00.000","Closed","2025-09-23T00:00:00.000","2025-09-23T00:00:00.000","Illegal Dumping - City Property","Berkeley","CA","37.863306","-122.259357"
"513844","2025-09-22T00:00:00.000","Closed","2025-09-24T00:00:00.000","2025-09-24T00:00:00.000","Unknown Water","Berkeley","CA","37.868886","-122.2668045"
"513845","2025-09-22T00:00:00.000","Closed","2025-09-22T00:00:00.000","2025-09-22T00:00:00.000","Abandoned Vehicle - Ready for PD (Parking Enforcement)","Berkeley","CA","37.867635","-122.272947"
"513854","2025-09-22T00:00:00.000","Closed","2025-09-22T00:00:00.000","2025-09-22T00:00:00.000","Illegal Dumping - City Property","Berkeley","CA","37.866456","-122.2644195"
"513856","2025-09-22T00:00:00.000","Closed","2025-09-22T00:00:00.000","2025-09-22T00:00:00.000","Pressure Washing","Berkeley","CA","37.866456","-122.2644195"
"513879","2025-09-22T00:00:00.000","Closed","2025-09-22T00:00:00.000","2025-09-22T00:00:00.000","Illegal Dumping - City Property","Berkeley","CA","37.867743","-122.254029"
"513896","2025-09-22T00:00:00.000","Closed","2025-09-24T00:00:00.000","2025-09-24T00:00:00.000","Sewer Maintenance","Berkeley","CA","37.866697731341","-122.267185313187"
"513906","2025-09-22T00:00:00.000","Closed","2025-09-22T00:00:00.000","2025-09-22T00:00:00.000","Abandoned Vehicle - Ready for PD (Parking Enforcement)","Berkeley","CA","37.867635","-122.272947"
"513925","2025-09-22T00:00:00.000","Closed","2025-09-25T00:00:00.000","2025-09-25T00:00:00.000","Mattress Program","Berkeley","CA","37.868328","-122.2730235"
"513945","2025-09-22T00:00:00.000","Closed","2025-09-25T00:00:00.000","2025-09-25T00:00:00.000","Mattress Program","Berkeley","CA","37.864584","-122.257377"
"513971","2025-09-22T00:00:00.000","Closed","2025-09-23T00:00:00.000","2025-09-23T00:00:00.000","Pedestrian Signals Repair","Berkeley","CA","37.871559","-122.2730145"
"513986","2025-09-22T00:00:00.000","Closed","2025-09-24T00:00:00.000","2025-09-24T00:00:00.000","Illegal Dumping - City Property","Berkeley","CA","37.867780155862128","-122.25190080952002"
"514004","2025-09-22T00:00:00.000","Closed","2025-09-24T00:00:00.000","2025-09-24T00:00:00.000","Sewer Maintenance","Berkeley","CA","37.871983678825","-122.268478708851"
"514049","2025-09-22T00:00:00.000","In Progress","2025-10-15T00:00:00.000",,"TNC AR10.2","Berkeley","CA","37.864539","-122.2630065"
"514071","2025-09-23T00:00:00.000","Closed","2026-02-09T00:00:00.000","2026-02-09T00:00:00.000","Tree Pruning","Berkeley","CA","37.880559","-122.260536"
"514073","2025-09-23T00:00:00.000","Closed","2025-10-03T00:00:00.000","2025-10-03T00:00:00.000","Tree Pruning","Berkeley","CA","37.862388","-122.252247"
"514122","2025-09-23T00:00:00.000","Closed","2025-09-23T00:00:00.000","2025-09-23T00:00:00.000","Missed Trash Pickup - Residential","Berkeley","CA","37.879425","-122.259465"
"514163","2025-09-23T00:00:00.000","Closed","2025-09-24T00:00:00.000","2025-09-24T00:00:00.000","Illegal Dumping - City Property","Berkeley","CA","37.864287","-122.2633035"
"514180","2025-09-23T00:00:00.000","Closed","2025-10-01T00:00:00.000","2025-10-01T00:00:00.000","Pedestrian Signals Repair","Berkeley","CA","37.870344","-122.267781"
"514181","2025-09-23T00:00:00.000","Closed","2025-10-01T00:00:00.000","2025-10-01T00:00:00.000","Pedestrian Signals Repair","Berkeley","CA","37.872234","-122.267826"
"514185","2025-09-23T00:00:00.000","Closed","2025-10-01T00:00:00.000","2025-10-01T00:00:00.000","Pedestrian Signals Repair","Berkeley","CA","37.872234","-122.267826"
"514196","2025-09-23T00:00:00.000","Closed","2025-10-03T00:00:00.000","2025-10-03T00:00:00.000","Forestry Miscellaneous","Berkeley","CA","37.863405","-122.253858"
"514248","2025-09-23T00:00:00.000","In Progress","2025-09-23T00:00:00.000",,"Illegal Dumping - City Property","Berkeley","CA","37.865034","-122.271255"
"514263","2025-09-23T00:00:00.000","In Progress","2025-10-01T00:00:00.000","2025-10-01T00:00:00.000","Street Lights - Repair","Berkeley","CA","37.86669","-122.267691"
"514265","2025-09-23T00:00:00.000","Open","2025-09-24T00:00:00.000",,"Noise Complaint","Berkeley","CA","37.874771228444622","-122.2681546579297"
"514266","2025-09-24T00:00:00.000","Closed","2025-09-24T00:00:00.000","2025-09-24T00:00:00.000","Miscellaneous","Berkeley","CA","37.864665","-122.259969"
"514327","2025-09-24T00:00:00.000","Closed","2025-09-24T00:00:00.000","2025-09-24T00:00:00.000","Illegal Dumping - City Property","Berkeley","CA","37.863261","-122.258709"
"514328","2025-09-24T00:00:00.000","Closed","2025-09-26T00:00:00.000","2025-09-26T00:00:00.000","Illegal Dumping - City Property","Berkeley","CA","37.882597081495426","-122.27321890549122"
"514329","2025-09-24T00:00:00.000","Closed","2025-09-24T00:00:00.000","2025-09-24T00:00:00.000","Illegal Dumping - City Property","Berkeley","CA","37.882539917742335","-122.27300290651527"
"514331","2025-09-24T00:00:00.000","Closed","2025-09-26T00:00:00.000","2025-09-26T00:00:00.000","Illegal Dumping - City Property","Berkeley","CA","37.882771415563205","-122.27289135773545"
"514333","2025-09-24T00:00:00.000","Closed","2025-09-26T00:00:00.000","2025-09-26T00:00:00.000","Illegal Dumping - City Property","Berkeley","CA","37.88353685492666","-122.27282574766147"
"514350","2025-09-24T00:00:00.000","Closed","2025-10-01T00:00:00.000","2025-10-01T00:00:00.000","Storm Drain Problem/Maintenance","Berkeley","CA","37.867635","-122.249547"
"514362","2025-09-24T00:00:00.000","Closed","2025-09-24T00:00:00.000","2025-09-24T00:00:00.000","Illegal Dumping - City Property","Berkeley","CA","37.880530178216958","-122.26755804239643"
"514366","2025-09-24T00:00:00.000","Closed","2025-09-26T00:00:00.000","2025-09-26T00:00:00.000","Illegal Dumping - City Property","Berkeley","CA","37.880391270905584","-122.26886048293741"
"514369","2025-09-24T00:00:00.000","Closed","2025-09-26T00:00:00.000","2025-09-26T00:00:00.000","Illegal Dumping - City Property","Berkeley","CA","37.880091940887986","-122.27095647524794"
"514405","2025-09-24T00:00:00.000","Closed","2025-09-25T00:00:00.000","2025-09-25T00:00:00.000","Illegal Dumping - City Property","Berkeley","CA","37.8660556","-122.2502931"
"514517","2025-09-24T00:00:00.000","Closed","2025-09-26T00:00:00.000","2025-09-26T00:00:00.000","Illegal Dumping - City Property","Berkeley","CA","37.882661395758909","-122.26609753800074"
"514518","2025-09-24T00:00:00.000","Closed","2025-09-25T00:00:00.000","2025-09-25T00:00:00.000","Miscellaneous","Berkeley","CA","37.868884899436082","-122.25879416931153"
"514520","2025-09-24T00:00:00.000","Closed","2025-09-26T00:00:00.000","2025-09-26T00:00:00.000","Illegal Dumping - City Property","Berkeley","CA","37.877904492037679","-122.26108667599937"
"514521","2025-09-25T00:00:00.000","Closed","2025-09-25T00:00:00.000","2025-09-25T00:00:00.000","Parking Enforcement - Request for Enforcement","Berkeley","CA","37.882224","-122.2609275"
"514535","2025-09-25T00:00:00.000","Closed","2025-11-10T00:00:00.000","2025-11-10T00:00:00.000","Litter Pickup - Parks","Berkeley","CA","37.873654693705319","-122.27375440036076"
"514539","2025-09-25T00:00:00.000","Closed","2025-09-25T00:00:00.000","2025-09-25T00:00:00.000","Pressure Washing","Berkeley","CA","37.872378","-122.2689555"
"514550","2025-09-25T00:00:00.000","Open","2025-09-25T00:00:00.000",,"Engineering - Paving Issue","Berkeley","CA","37.880685","-122.2572735"
"514580","2025-09-25T00:00:00.000","Closed","2025-09-25T00:00:00.000","2025-09-25T00:00:00.000","Pressure Washing","Berkeley","CA","37.871289578626","-122.267712120547"
"514581","2025-09-25T00:00:00.000","Closed","2025-09-25T00:00:00.000","2025-09-25T00:00:00.000","Illegal Dumping - City Property","Berkeley","CA","37.871289578626","-122.267712120547"
"514619","2025-09-25T00:00:00.000","Closed","2025-10-17T00:00:00.000","2025-10-17T00:00:00.000","Tree Pruning","Berkeley","CA","37.867032","-122.2590195"
"514625","2025-09-25T00:00:00.000","Closed","2025-09-25T00:00:00.000","2025-09-25T00:00:00.000","Illegal Dumping - City Property","Berkeley","CA","37.862723942348829","-122.26009994006584"
"514626","2025-09-25T00:00:00.000","Closed","2025-09-25T00:00:00.000","2025-09-25T00:00:00.000","Illegal Dumping - City Property","Berkeley","CA","37.862528253201319","-122.260134076007"
"514643","2025-09-25T00:00:00.000","Closed","2025-09-25T00:00:00.000","2025-09-25T00:00:00.000","Illegal Dumping - City Property","Berkeley","CA","37.863306","-122.259357"
"514665","2025-09-25T00:00:00.000","Closed","2025-10-02T00:00:00.000","2025-10-02T00:00:00.000","Storm Drain Problem/Maintenance","Berkeley","CA","37.872486","-122.2682085"
"514703","2025-09-25T00:00:00.000","Closed","2025-09-26T00:00:00.000","2025-09-26T00:00:00.000","Illegal Dumping - City Property","Berkeley","CA","37.882608267308434","-122.26605664025487"
"514711","2025-09-25T00:00:00.000","Closed","2025-09-26T00:00:00.000","2025-09-26T00:00:00.000","Graffiti Abatement","Berkeley","CA","37.8701294","-122.2712373"
"514712","2025-09-25T00:00:00.000","Closed","2025-09-26T00:00:00.000","2025-09-26T00:00:00.000","Illegal Dumping","Berkeley","CA","37.8701294","-122.2712373"
"514736","2025-09-25T00:00:00.000","Closed","2025-09-26T00:00:00.000","2025-09-26T00:00:00.000","Direct Line General - PRW","Berkeley","CA","37.86543","-122.2507755"
"514739","2025-09-25T00:00:00.000","Closed","2025-09-26T00:00:00.000","2025-09-26T00:00:00.000","Abandoned Vehicle - Ready for PD (Parking Enforcement)","Berkeley","CA","37.868427","-122.2715295"
"514752","2025-09-26T00:00:00.000","Closed","2025-09-26T00:00:00.000","2025-09-26T00:00:00.000","Illegal Dumping - City Property","Berkeley","CA","37.865862","-122.268987"
"514753","2025-09-26T00:00:00.000","Closed","2025-09-26T00:00:00.000","2025-09-26T00:00:00.000","Illegal Dumping - City Property","Berkeley","CA","37.8648","-122.2697295"
"514759","2025-09-26T00:00:00.000","Open","2025-09-26T00:00:00.000",,"Street Striping/Marking (Refresh)","Berkeley","CA","37.877571","-122.2643115"
"514777","2025-09-26T00:00:00.000","Closed","2025-09-26T00:00:00.000","2025-09-26T00:00:00.000","Illegal Dumping - City Property","Berkeley","CA","37.865979","-122.2683525"
"514779","2025-09-26T00:00:00.000","Closed","2025-09-26T00:00:00.000","2025-09-26T00:00:00.000","Illegal Dumping - City Property","Berkeley","CA","37.873899","-122.2735635"
"514781","2025-09-26T00:00:00.000","Closed","2025-09-29T00:00:00.000","2025-09-29T00:00:00.000","Potholes","Berkeley","CA","37.863369","-122.2576335"
"514788","2025-09-26T00:00:00.000","Closed","2025-09-30T00:00:00.000","2025-09-30T00:00:00.000","Curb Repainting","Berkeley","CA","37.876734939513916","-122.25919727952605"
"514795","2025-09-26T00:00:00.000","Closed","2025-09-26T00:00:00.000","2025-09-26T00:00:00.000","Illegal Dumping - City Property","Berkeley","CA","37.876608","-122.2689105"
"514801","2025-09-26T00:00:00.000","Closed","2025-09-26T00:00:00.000","2025-09-26T00:00:00.000","Illegal Dumping - City Property","Berkeley","CA","37.862316","-122.2533855"
"514832","2025-09-26T00:00:00.000","Open","2025-09-26T00:00:00.000",,"TNC AR10.2","Berkeley","CA","37.864473028102","-122.26306609198"
"514879","2025-09-26T00:00:00.000","Open","2025-09-26T00:00:00.000",,"Noise Complaint","Berkeley","CA","37.863117","-122.2505505"
"514882","2025-09-26T00:00:00.000","Closed","2025-09-27T00:00:00.000","2025-09-27T00:00:00.000","Illegal Dumping - City Property","Berkeley","CA","37.8621","-122.2656165"
"514930","2025-09-27T00:00:00.000","Open","2025-09-27T00:00:00.000",,"Parking Meter Repair","Berkeley","CA","37.866915","-122.2588125"
"514934","2025-09-28T00:00:00.000","Open","2025-09-29T00:00:00.000",,"Noise Complaint","Berkeley","CA","37.862658","-122.265486"
"514936","2025-09-28T00:00:00.000","Open","2025-09-29T00:00:00.000",,"Noise Complaint","Berkeley","CA","37.863774","-122.255991"
"514937","2025-09-28T00:00:00.000","Closed","2025-09-29T00:00:00.000","2025-09-29T00:00:00.000","Abandoned Vehicle - Ready for PD (Parking Enforcement)","Berkeley","CA","37.882224","-122.2609275"
"514941","2025-09-28T00:00:00.000","Closed","2025-09-29T00:00:00.000","2025-09-29T00:00:00.000","Illegal Dumping - City Property","Berkeley","CA","37.86314902","-122.25014905"
"514955","2025-09-28T00:00:00.000","Closed","2025-09-29T00:00:00.000","2025-09-29T00:00:00.000","Illegal Dumping - City Property","Berkeley","CA","37.867769771359256","-122.25195949680632"
"514957","2025-09-28T00:00:00.000","Closed","2025-11-07T00:00:00.000","2025-11-07T00:00:00.000","Abandoned Vehicle - Ready for PD (Parking Enforcement)","Berkeley","CA","37.877616","-122.267556"
"514962","2025-09-29T00:00:00.000","Open","2025-10-01T00:00:00.000",,"Miscellaneous - Engineering","Berkeley","CA","37.872090747813552","-122.26764119471069"
"514964","2025-09-29T00:00:00.000","Closed","2025-09-29T00:00:00.000","2025-09-29T00:00:00.000","Abandoned Vehicle - Ready for PD (Parking Enforcement)","Berkeley","CA","37.868427","-122.2715295"
"514973","2025-09-29T00:00:00.000","Closed","2025-09-30T00:00:00.000","2025-09-30T00:00:00.000","Facilities Electrical","Berkeley","CA","37.870083","-122.2718535"
"514989","2025-09-29T00:00:00.000","Closed","2025-09-29T00:00:00.000","2025-09-29T00:00:00.000","Facilities Electrical","Berkeley","CA","37.870056","-122.2732215"
"515032","2025-09-29T00:00:00.000","Closed","2025-09-30T00:00:00.000","2025-09-30T00:00:00.000","Illegal Dumping - City Property","Berkeley","CA","37.872981","-122.2684875"
"515051","2025-09-29T00:00:00.000","Closed","2025-09-29T00:00:00.000","2025-09-29T00:00:00.000","Illegal Dumping - City Property","Berkeley","CA","37.862424","-122.252085"
"515053","2025-09-29T00:00:00.000","Closed","2026-06-11T00:00:00.000","2026-06-11T00:00:00.000","Street Lights - Repair","Berkeley","CA","37.862424","-122.252085"
"515072","2025-09-29T00:00:00.000","On Hold","2025-10-01T00:00:00.000","2025-10-01T00:00:00.000","Miscellaneous - Transportation","Berkeley","CA","37.883637","-122.2520715"
"515078","2025-09-29T00:00:00.000","Closed","2025-09-29T00:00:00.000","2025-09-29T00:00:00.000","Abandoned Vehicle - Ready for PD (Parking Enforcement)","Berkeley","CA","37.868427","-122.2715295"
"515097","2025-09-29T00:00:00.000","Closed","2025-10-02T00:00:00.000","2025-10-02T00:00:00.000","Mattress Program","Berkeley","CA","37.862577","-122.2660935"
"515098","2025-09-29T00:00:00.000","Closed","2025-10-05T00:00:00.000","2025-10-05T00:00:00.000","Potholes","Berkeley","CA","37.879479","-122.262642"
"515101","2025-09-29T00:00:00.000","Closed","2025-10-01T00:00:00.000","2025-10-01T00:00:00.000","Tree Pruning","Berkeley","CA","37.866348","-122.252058"
"515112","2025-09-29T00:00:00.000","Closed","2025-11-12T00:00:00.000","2025-11-12T00:00:00.000","Tree Pruning","Berkeley","CA","37.875033","-122.265765"
"515113","2025-09-29T00:00:00.000","On Hold","2025-09-29T00:00:00.000",,"Miscellaneous - Transportation","Berkeley","CA","37.878633","-122.2608825"
"515116","2025-09-29T00:00:00.000","Closed","2025-09-30T00:00:00.000","2025-09-30T00:00:00.000","Illegal Dumping - City Property","Berkeley","CA","37.8680983","-122.2500457"
"515119","2025-09-29T00:00:00.000","Closed","2025-09-30T00:00:00.000","2025-09-30T00:00:00.000","Illegal Dumping - City Property","Berkeley","CA","37.86705","-122.249466"
"515129","2025-09-29T00:00:00.000","Open","2025-09-29T00:00:00.000",,"Overgrown Vegetation/Turf","Berkeley","CA","37.862028","-122.2661295"
"515174","2025-09-29T00:00:00.000","Closed","2025-09-30T00:00:00.000","2025-09-30T00:00:00.000","Illegal Dumping - City Property","Berkeley","CA","37.86786","-122.253435"
"515211","2025-09-29T00:00:00.000","In Progress","2025-09-30T00:00:00.000",,"Illegal Dumping - City Property","Berkeley","CA","37.874471205601","-122.267548323926"
"515273","2025-09-30T00:00:00.000","Closed","2025-10-01T00:00:00.000","2025-10-01T00:00:00.000","Broken Branch or Tree","Berkeley","CA","37.863207","-122.2732935"
"515282","2025-09-30T00:00:00.000","Closed","2025-10-01T00:00:00.000","2025-10-01T00:00:00.000","Abandoned Vehicle - Ready for PD (Parking Enforcement)","Berkeley","CA","37.867095","-122.2728165"
"515301","2025-09-30T00:00:00.000","Closed","2025-10-02T00:00:00.000","2025-10-02T00:00:00.000","Mattress Program","Berkeley","CA","37.864962","-122.2610175"
"515313","2025-09-30T00:00:00.000","Closed","2025-10-27T00:00:00.000","2025-10-27T00:00:00.000","Parking Meter Repair","Berkeley","CA","37.863438086059823","-122.26750510193631"
"515325","2025-09-30T00:00:00.000","Closed","2025-10-02T00:00:00.000","2025-10-02T00:00:00.000","Illegal Dumping - City Property","Berkeley","CA","37.868247","-122.2461945"
"515345","2025-09-30T00:00:00.000","Closed","2025-10-14T00:00:00.000","2025-10-14T00:00:00.000","Pay and Display Repair","Berkeley","CA","37.869102","-122.268294"
"515363","2025-09-30T00:00:00.000","Closed","2025-10-01T00:00:00.000","2025-10-01T00:00:00.000","Broken Branch or Tree","Berkeley","CA","37.863207","-122.2732935"
"515381","2025-09-30T00:00:00.000","Closed","2025-10-02T00:00:00.000","2025-10-02T00:00:00.000","Mattress Program","Berkeley","CA","37.863549","-122.2727355"
"515398","2025-09-30T00:00:00.000","Closed","2025-10-22T00:00:00.000","2025-10-22T00:00:00.000","Potholes","Berkeley","CA","37.863344296823","-122.25710554925"
"515424","2025-10-01T00:00:00.000","Closed","2025-10-02T00:00:00.000","2025-10-02T00:00:00.000","Mattress Program","Berkeley","CA","37.880118","-122.257287"
"515442","2025-10-01T00:00:00.000","Closed","2025-10-02T00:00:00.000","2025-10-02T00:00:00.000","Illegal Dumping - City Property","Berkeley","CA","37.877355","-122.273316"
"515455","2025-10-01T00:00:00.000","Closed","2025-10-02T00:00:00.000","2025-10-02T00:00:00.000","Illegal Dumping - City Property","Berkeley","CA","37.8800488023672","-122.26990381460415"
"515458","2025-10-01T00:00:00.000","Closed","2025-10-01T00:00:00.000","2025-10-01T00:00:00.000","Abandoned Vehicle - Ready for PD (Parking Enforcement)","Berkeley","CA","37.867095","-122.2728165"
"515477","2025-10-01T00:00:00.000","Closed","2025-10-03T00:00:00.000","2025-10-03T00:00:00.000","Illegal Dumping - City Property","Berkeley","CA","37.87745242926411","-122.25703865834375"
"515505","2025-10-01T00:00:00.000","Closed","2025-10-02T00:00:00.000","2025-10-02T00:00:00.000","Illegal Dumping - City Property","Berkeley","CA","37.882412365976613","-122.26977992425255"
"515507","2025-10-01T00:00:00.000","Closed","2025-10-02T00:00:00.000","2025-10-02T00:00:00.000","Illegal Dumping - City Property","Berkeley","CA","37.881287385061015","-122.27082968029863"
"515509","2025-10-01T00:00:00.000","Closed","2025-10-02T00:00:00.000","2025-10-02T00:00:00.000","Illegal Dumping - City Property","Berkeley","CA","37.880133537664605","-122.27114772884009"
"515510","2025-10-01T00:00:00.000","Closed","2025-10-02T00:00:00.000","2025-10-02T00:00:00.000","Illegal Dumping - City Property","Berkeley","CA","37.879978384201415","-122.27260848114405"
"515520","2025-10-01T00:00:00.000","Closed","2025-10-02T00:00:00.000","2025-10-02T00:00:00.000","Sign Repair and Reinstallation","Berkeley","CA","37.868370971676811","-122.26131158045459"
"515523","2025-10-01T00:00:00.000","Closed","2025-10-01T00:00:00.000","2025-10-01T00:00:00.000","Miscellaneous","Berkeley","CA","37.868022","-122.2682625"
"515545","2025-10-01T00:00:00.000","Closed","2025-10-01T00:00:00.000","2025-10-01T00:00:00.000","Missed Trash Pickup - Residential","Berkeley","CA","37.877454","-122.2613505"
"515576","2025-10-01T00:00:00.000","Closed","2025-10-02T00:00:00.000","2025-10-02T00:00:00.000","Illegal Dumping - City Property","Berkeley","CA","37.868247","-122.2461945"
"515587","2025-10-01T00:00:00.000","Closed","2025-10-16T00:00:00.000","2025-10-16T00:00:00.000","Sewer Maintenance","Berkeley","CA","37.872639","-122.2736265"
"515588","2025-10-01T00:00:00.000","In Progress","2025-10-01T00:00:00.000",,"Illegal Dumping - City Property","Berkeley","CA","37.879938","-122.2700355"
"515590","2025-10-01T00:00:00.000","Open","2025-10-01T00:00:00.000",,"Encampment Complaint","Berkeley","CA","37.864539","-122.2630065"
"515591","2025-10-01T00:00:00.000","Closed","2025-10-02T00:00:00.000","2025-10-02T00:00:00.000","Abandoned Vehicle - Ready for PD (Parking Enforcement)","Berkeley","CA","37.882467","-122.2699815"
"515633","2025-10-01T00:00:00.000","Closed","2025-10-03T00:00:00.000","2025-10-03T00:00:00.000","Illegal Dumping - City Property","Berkeley","CA","37.877742","-122.2591005"
"515635","2025-10-01T00:00:00.000","Closed","2025-10-02T00:00:00.000","2025-10-02T00:00:00.000","Illegal Dumping - City Property","Berkeley","CA","37.865016","-122.264352"
"515639","2025-10-01T00:00:00.000","Closed","2025-10-02T00:00:00.000","2025-10-02T00:00:00.000","Potholes","Berkeley","CA","37.8769293063135","-122.26609213255665"
"515643","2025-10-01T00:00:00.000","Closed","2025-10-02T00:00:00.000","2025-10-02T00:00:00.000","Illegal Dumping - City Property","Berkeley","CA","37.865016","-122.264352"
"515649","2025-10-02T00:00:00.000","Closed","2025-10-17T00:00:00.000","2025-10-17T00:00:00.000","Tree Pruning","Berkeley","CA","37.866978","-122.2725195"
"515651","2025-10-02T00:00:00.000","Closed","2025-10-02T00:00:00.000","2025-10-02T00:00:00.000","Parking Enforcement - Request for Enforcement","Berkeley","CA","37.867095","-122.2728165"
"515652","2025-10-02T00:00:00.000","Closed","2025-10-03T00:00:00.000","2025-10-03T00:00:00.000","Broken Branch or Tree","Berkeley","CA","37.870056","-122.2732215"
"515656","2025-10-02T00:00:00.000","Closed","2025-10-15T00:00:00.000","2025-10-15T00:00:00.000","Pedestrian Signals Repair","Berkeley","CA","37.866915","-122.2588125"
"515658","2025-10-02T00:00:00.000","Closed","2025-10-05T00:00:00.000","2025-10-05T00:00:00.000","Graffiti Abatement - Streets and Utilities","Berkeley","CA","37.880514","-122.267079"
"515662","2025-10-02T00:00:00.000","Closed","2026-02-18T00:00:00.000","2026-02-18T00:00:00.000","Tree Planting","Berkeley","CA","37.866937807894","-122.256414181469"
"515674","2025-10-02T00:00:00.000","Closed","2025-11-12T00:00:00.000","2025-11-12T00:00:00.000","Tree Pruning","Berkeley","CA","37.874205","-122.273307"
"515692","2025-10-02T00:00:00.000","Closed","2025-10-02T00:00:00.000","2025-10-02T00:00:00.000","Miscellaneous Service Request","Berkeley","CA","37.866267","-122.2617555"
"515715","2025-10-02T00:00:00.000","Closed","2025-10-03T00:00:00.000","2025-10-03T00:00:00.000","Illegal Dumping - City Property","Berkeley","CA","37.867815","-122.258988"
"515744","2025-10-02T00:00:00.000","Closed","2025-10-23T00:00:00.000","2025-10-23T00:00:00.000","Tree Health Concerns - Insects and Disease","Berkeley","CA","37.862937","-122.266251"
"515757","2025-10-02T00:00:00.000","Closed","2025-10-02T00:00:00.000","2025-10-02T00:00:00.000","Abandoned Vehicle - Ready for PD (Parking Enforcement)","Berkeley","CA","37.867095","-122.2728165"
"515774","2025-10-02T00:00:00.000","Closed","2025-10-02T00:00:00.000","2025-10-02T00:00:00.000","Parking Enforcement - Request for Enforcement","Berkeley","CA","37.868103","-122.2489035"
"515781","2025-10-02T00:00:00.000","Closed","2025-10-03T00:00:00.000","2025-10-03T00:00:00.000","Illegal Dumping - City Property","Berkeley","CA","37.877742","-122.2591005"
"515811","2025-10-02T00:00:00.000","Closed","2025-10-03T00:00:00.000","2025-10-03T00:00:00.000","Illegal Dumping - City Property","Berkeley","CA","37.864557","-122.2699185"
"515812","2025-10-02T00:00:00.000","Closed","2025-10-03T00:00:00.000","2025-10-03T00:00:00.000","Illegal Dumping - City Property","Berkeley","CA","37.864134","-122.271129"
"515813","2025-10-02T00:00:00.000","Closed","2025-10-03T00:00:00.000","2025-10-03T00:00:00.000","Illegal Dumping - City Property","Berkeley","CA","37.865466","-122.270022"
"515822","2025-10-02T00:00:00.000","Closed","2025-11-06T00:00:00.000","2025-11-06T00:00:00.000","Facilities Electrical","Berkeley","CA","37.870056","-122.2732215"
"515851","2025-10-03T00:00:00.000","Closed","2025-10-04T00:00:00.000","2025-10-04T00:00:00.000","Illegal Dumping - City Property","Berkeley","CA","37.864593","-122.2555095"
"515892","2025-10-03T00:00:00.000","Closed","2025-10-04T00:00:00.000","2025-10-04T00:00:00.000","Illegal Dumping - City Property","Berkeley","CA","37.8635431","-122.2561662"
"515895","2025-10-03T00:00:00.000","Closed","2025-10-04T00:00:00.000","2025-10-04T00:00:00.000","Illegal Dumping - City Property","Berkeley","CA","37.8645943","-122.2514113"
"515896","2025-10-03T00:00:00.000","Closed","2025-10-04T00:00:00.000","2025-10-04T00:00:00.000","Illegal Dumping - City Property","Berkeley","CA","37.867583073565868","-122.25124639220368"
"515898","2025-10-03T00:00:00.000","Closed","2025-10-04T00:00:00.000","2025-10-04T00:00:00.000","Illegal Dumping - City Property","Berkeley","CA","37.8665996","-122.2496414"
"515900","2025-10-03T00:00:00.000","Closed","2025-10-04T00:00:00.000","2025-10-04T00:00:00.000","Illegal Dumping - City Property","Berkeley","CA","37.864609399363339","-122.25926375231853"
"515903","2025-10-03T00:00:00.000","Closed","2025-10-04T00:00:00.000","2025-10-04T00:00:00.000","Illegal Dumping - City Property","Berkeley","CA","37.864341","-122.259537"
"515906","2025-10-03T00:00:00.000","Closed","2025-10-04T00:00:00.000","2025-10-04T00:00:00.000","Illegal Dumping - City Property","Berkeley","CA","37.872531","-122.2702245"
"515908","2025-10-03T00:00:00.000","Closed","2025-10-06T00:00:00.000","2025-10-06T00:00:00.000","Miscellaneous - Transportation","Berkeley","CA","37.882953","-122.2619085"
"515920","2025-10-03T00:00:00.000","Closed","2025-10-04T00:00:00.000","2025-10-04T00:00:00.000","Illegal Dumping - City Property","Berkeley","CA","37.865268","-122.251905"
"515945","2025-10-03T00:00:00.000","Open","2025-10-03T00:00:00.000",,"Miscellaneous - Transportation","Berkeley","CA","37.872153","-122.268429"
"515968","2025-10-03T00:00:00.000","Closed","2025-11-11T00:00:00.000","2025-11-11T00:00:00.000","Tree Removal","Berkeley","CA","37.8636486","-122.2695534"
"516002","2025-10-03T00:00:00.000","Closed","2025-10-03T00:00:00.000","2025-10-03T00:00:00.000","Abandoned Vehicle - Ready for PD (Parking Enforcement)","Berkeley","CA","37.867095","-122.2728165"
"516008","2025-10-03T00:00:00.000","Open","2025-10-03T00:00:00.000",,"Noise Complaint","Berkeley","CA","37.868643","-122.2547805"
"516033","2025-10-03T00:00:00.000","Open","2025-10-03T00:00:00.000",,"Miscellaneous - Transportation","Berkeley","CA","37.868139","-122.2637445"
"516034","2025-10-03T00:00:00.000","Closed","2025-12-18T00:00:00.000","2025-12-18T00:00:00.000","Parking Meter Repair","Berkeley","CA","37.868311655726","-122.25442218226"
"516046","2025-10-03T00:00:00.000","In Progress","2025-10-03T00:00:00.000",,"Street Lights - Repair","Berkeley","CA","37.866321","-122.25636"
"516064","2025-10-04T00:00:00.000","Closed","2025-10-06T00:00:00.000","2025-10-06T00:00:00.000","Missed Trash Pickup - Commercial","Berkeley","CA","37.8803285208116","-122.26986604699928"
"516065","2025-10-04T00:00:00.000","Open","2025-10-06T00:00:00.000",,"Noise Complaint","Berkeley","CA","37.869305340260354","-122.25268903157424"
"516081","2025-10-04T00:00:00.000","Closed","2025-10-06T00:00:00.000","2025-10-06T00:00:00.000","Parking Enforcement - Request for Enforcement","Berkeley","CA","37.864845063184","-122.260731330946"
"516087","2025-10-05T00:00:00.000","Open","2025-10-06T00:00:00.000",,"Noise Complaint","Berkeley","CA","37.868430239010884","-122.27286229874775"
"516109","2025-10-06T00:00:00.000","Closed","2025-10-06T00:00:00.000","2025-10-06T00:00:00.000","Missed Trash Pickup - Commercial","Berkeley","CA","37.871109","-122.2670745"
"516117","2025-10-06T00:00:00.000","Open","2025-10-06T00:00:00.000",,"Noise Complaint","Berkeley","CA","37.870139672358","-122.269353377109"
"516121","2025-10-06T00:00:00.000","Closed","2025-10-06T00:00:00.000","2025-10-06T00:00:00.000","Facilities Electrical","Berkeley","CA","37.870164","-122.2712415"
"516128","2025-10-06T00:00:00.000","Open","2025-10-06T00:00:00.000",,"Encampment Complaint","Berkeley","CA","37.87355955629274","-122.27358037824834"
"516136","2025-10-06T00:00:00.000","Closed","2025-10-27T00:00:00.000","2025-10-27T00:00:00.000","Parking Meter Repair","Berkeley","CA","37.866366","-122.270139"
"516160","2025-10-06T00:00:00.000","Closed","2025-10-06T00:00:00.000","2025-10-06T00:00:00.000","Hand Sweeping","Berkeley","CA","37.872225","-122.270148"
"516172","2025-10-06T00:00:00.000","Closed","2025-10-23T00:00:00.000","2025-10-23T00:00:00.000","Tree Pruning","Berkeley","CA","37.862136","-122.269491"
"516248","2025-10-06T00:00:00.000","Closed","2025-10-08T00:00:00.000","2025-10-08T00:00:00.000","Kitchen Pail","Berkeley","CA","37.874205","-122.2683795"
"516251","2025-10-06T00:00:00.000","Closed","2025-10-08T00:00:00.000","2025-10-08T00:00:00.000","Broken Branch or Tree","Berkeley","CA","37.877697","-122.269284"
"516253","2025-10-06T00:00:00.000","Closed","2025-10-30T00:00:00.000","2025-10-30T00:00:00.000","Tree Pruning","Berkeley","CA","37.877697","-122.269284"
"516291","2025-10-06T00:00:00.000","Closed","2025-10-06T00:00:00.000","2025-10-06T00:00:00.000","Pressure Washing","Berkeley","CA","37.872243","-122.2712865"
"516299","2025-10-06T00:00:00.000","Closed","2025-10-08T00:00:00.000","2025-10-08T00:00:00.000","Kitchen Pail","Berkeley","CA","37.883547","-122.2624485"
"516364","2025-10-06T00:00:00.000","Open","2025-10-06T00:00:00.000",,"Living or Sleeping in Abandoned Vehicle","Berkeley","CA","37.86766888648863","-122.26368989566612"
"516385","2025-10-06T00:00:00.000","Closed","2025-10-09T00:00:00.000","2025-10-09T00:00:00.000","Mattress Program","Berkeley","CA","37.866528","-122.263875"
"516391","2025-10-06T00:00:00.000","Closed","2025-10-07T00:00:00.000","2025-10-07T00:00:00.000","Parking Enforcement - Request for Enforcement","Berkeley","CA","37.86551748777589","-122.25639447569846"
"516399","2025-10-06T00:00:00.000","Open","2025-10-07T00:00:00.000",,"Miscellaneous - Engineering","Berkeley","CA","37.866164110292488","-122.25707340985537"
"516425","2025-10-07T00:00:00.000","Closed","2025-10-24T00:00:00.000","2025-10-24T00:00:00.000","Tree Pruning","Berkeley","CA","37.873305","-122.2688295"
"516439","2025-10-07T00:00:00.000","Closed","2025-10-07T00:00:00.000","2025-10-07T00:00:00.000","Illegal Dumping - City Property","Berkeley","CA","37.869057","-122.2704495"
"516443","2025-10-07T00:00:00.000","Closed","2025-10-23T00:00:00.000","2025-10-23T00:00:00.000","Tree Pruning","Berkeley","CA","37.877085","-122.266359"
"516473","2025-10-07T00:00:00.000","Closed","2025-10-08T00:00:00.000","2025-10-08T00:00:00.000","Illegal Dumping - City Property","Berkeley","CA","37.875033","-122.265765"
"516536","2025-10-07T00:00:00.000","Closed","2025-10-09T00:00:00.000","2025-10-09T00:00:00.000","Storm Drain Problem/Maintenance","Berkeley","CA","37.883127742309796","-122.25194386773974"
"516582","2025-10-07T00:00:00.000","In Progress","2025-10-07T00:00:00.000",,"Sign Repair and Reinstallation","Berkeley","CA","37.880073","-122.2705305"
"516588","2025-10-07T00:00:00.000","Closed","2025-10-08T00:00:00.000","2025-10-08T00:00:00.000","Kitchen Pail","Berkeley","CA","37.882728","-122.264028"
"516596","2025-10-07T00:00:00.000","Closed","2025-10-16T00:00:00.000","2025-10-16T00:00:00.000","Unknown Water","Berkeley","CA","37.87506","-122.269023"
"516602","2025-10-07T00:00:00.000","Closed","2025-10-08T00:00:00.000","2025-10-08T00:00:00.000","Missed Trash Pickup - Commercial","Berkeley","CA","37.864017","-122.2648785"
"516606","2025-10-08T00:00:00.000","Closed","2025-10-08T00:00:00.000","2025-10-08T00:00:00.000","Noise Complaint","Berkeley","CA","37.870263","-122.266188"
"516619","2025-10-08T00:00:00.000","Closed","2025-10-16T00:00:00.000","2025-10-16T00:00:00.000","Unknown Water","Berkeley","CA","37.87506","-122.269023"
"516661","2025-10-08T00:00:00.000","Closed","2025-10-08T00:00:00.000","2025-10-08T00:00:00.000","Missed Trash Pickup - Residential","Berkeley","CA","37.862316","-122.256603"
"516668","2025-10-08T00:00:00.000","Closed","2025-10-08T00:00:00.000","2025-10-08T00:00:00.000","Illegal Dumping - City Property","Berkeley","CA","37.882433450911144","-122.26793808499554"
"516672","2025-10-08T00:00:00.000","Closed","2025-10-08T00:00:00.000","2025-10-08T00:00:00.000","Illegal Dumping - City Property","Berkeley","CA","37.882702271192294","-122.26603404446031"
"516674","2025-10-08T00:00:00.000","Closed","2025-10-08T00:00:00.000","2025-10-08T00:00:00.000","Illegal Dumping - City Property","Berkeley","CA","37.878562340276986","-122.26550306993173"
"516677","2025-10-08T00:00:00.000","Closed","2025-10-08T00:00:00.000","2025-10-08T00:00:00.000","Illegal Dumping - City Property","Berkeley","CA","37.877533095182372","-122.26343902184941"
"516678","2025-10-08T00:00:00.000","Closed","2025-10-09T00:00:00.000","2025-10-09T00:00:00.000","Illegal Dumping - City Property","Berkeley","CA","37.862451","-122.262876"
"516679","2025-10-08T00:00:00.000","Closed","2025-10-08T00:00:00.000","2025-10-08T00:00:00.000","Illegal Dumping - City Property","Berkeley","CA","37.877634869093455","-122.26287220944379"
"516680","2025-10-08T00:00:00.000","Closed","2025-10-08T00:00:00.000","2025-10-08T00:00:00.000","Illegal Dumping - City Property","Berkeley","CA","37.87849962511963","-122.26279153260012"
"516681","2025-10-08T00:00:00.000","Closed","2025-10-08T00:00:00.000","2025-10-08T00:00:00.000","Illegal Dumping - City Property","Berkeley","CA","37.878459416748257","-122.26303840767422"
"516683","2025-10-08T00:00:00.000","Closed","2025-10-08T00:00:00.000","2025-10-08T00:00:00.000","Illegal Dumping - City Property","Berkeley","CA","37.878266900392589","-122.26219584048995"
"516684","2025-10-08T00:00:00.000","Closed","2025-10-08T00:00:00.000","2025-10-08T00:00:00.000","Illegal Dumping - City Property","Berkeley","CA","37.878391088457519","-122.26180887343675"
"516685","2025-10-08T00:00:00.000","Closed","2025-10-08T00:00:00.000","2025-10-08T00:00:00.000","Illegal Dumping - City Property","Berkeley","CA","37.878465800088193","-122.260999447743"
"516686","2025-10-08T00:00:00.000","Closed","2025-10-08T00:00:00.000","2025-10-08T00:00:00.000","Illegal Dumping - City Property","Berkeley","CA","37.878005450640387","-122.2609255457417"
"516689","2025-10-08T00:00:00.000","Closed","2025-10-08T00:00:00.000","2025-10-08T00:00:00.000","Illegal Dumping - City Property","Berkeley","CA","37.876564743923581","-122.26056297337509"
"516690","2025-10-08T00:00:00.000","Closed","2025-10-08T00:00:00.000","2025-10-08T00:00:00.000","Miscellaneous","Berkeley","CA","37.865633995108638","-122.2702592994967"
"516693","2025-10-08T00:00:00.000","Closed","2025-10-08T00:00:00.000","2025-10-08T00:00:00.000","Illegal Dumping - City Property","Berkeley","CA","37.875931285540531","-122.26017909161631"
"516696","2025-10-08T00:00:00.000","Closed","2025-10-09T00:00:00.000","2025-10-09T00:00:00.000","Illegal Dumping - City Property","Berkeley","CA","37.875841967190496","-122.26051490405763"
"516697","2025-10-08T00:00:00.000","Closed","2025-10-08T00:00:00.000","2025-10-08T00:00:00.000","Illegal Dumping - City Property","Berkeley","CA","37.875838079662984","-122.2604516810333"
"516698","2025-10-08T00:00:00.000","Closed","2025-10-08T00:00:00.000","2025-10-08T00:00:00.000","Illegal Dumping - City Property","Berkeley","CA","37.8756383167844","-122.26034865103804"
"516713","2025-10-08T00:00:00.000","Closed","2025-10-09T00:00:00.000","2025-10-09T00:00:00.000","Illegal Dumping - City Property","Berkeley","CA","37.874427298709968","-122.267662172955"
"516716","2025-10-08T00:00:00.000","Closed","2025-10-09T00:00:00.000","2025-10-09T00:00:00.000","Illegal Dumping - City Property","Berkeley","CA","37.877430570322538","-122.27033905025131"
"516718","2025-10-08T00:00:00.000","Closed","2025-10-09T00:00:00.000","2025-10-09T00:00:00.000","Illegal Dumping - City Property","Berkeley","CA","37.87736598677877","-122.27089291498355"
"516719","2025-10-08T00:00:00.000","Closed","2025-10-09T00:00:00.000","2025-10-09T00:00:00.000","Illegal Dumping - City Property","Berkeley","CA","37.877816956362715","-122.27134986221574"
"516720","2025-10-08T00:00:00.000","Closed","2025-10-09T00:00:00.000","2025-10-09T00:00:00.000","Illegal Dumping - City Property","Berkeley","CA","37.878524571687834","-122.27134743719741"
"516722","2025-10-08T00:00:00.000","Closed","2025-10-09T00:00:00.000","2025-10-09T00:00:00.000","Illegal Dumping - City Property","Berkeley","CA","37.879617374498224","-122.27144817756845"
"516724","2025-10-08T00:00:00.000","Closed","2025-10-09T00:00:00.000","2025-10-09T00:00:00.000","Illegal Dumping - City Property","Berkeley","CA","37.879829627250317","-122.27205291549717"
"516725","2025-10-08T00:00:00.000","Closed","2025-10-09T00:00:00.000","2025-10-09T00:00:00.000","Illegal Dumping - City Property","Berkeley","CA","37.879682528213038","-122.2724468688608"
"516782","2025-10-08T00:00:00.000","Closed","2025-10-14T00:00:00.000","2025-10-14T00:00:00.000","Broken Branch or Tree","Berkeley","CA","37.872774","-122.2688115"
"516817","2025-10-08T00:00:00.000","Closed","2025-10-09T00:00:00.000","2025-10-09T00:00:00.000","Miscellaneous","Berkeley","CA","37.865114505409025","-122.25031975768002"
"516818","2025-10-08T00:00:00.000","Closed","2025-10-09T00:00:00.000","2025-10-09T00:00:00.000","Parking Enforcement - Request for Enforcement","Berkeley","CA","37.877321687509976","-122.27046615168646"
"516824","2025-10-08T00:00:00.000","Closed","2025-10-09T00:00:00.000","2025-10-09T00:00:00.000","Missed Trash Pickup - Commercial","Berkeley","CA","37.877364","-122.262039"
"516825","2025-10-08T00:00:00.000","Closed","2025-10-09T00:00:00.000","2025-10-09T00:00:00.000","Miscellaneous","Berkeley","CA","37.863117","-122.2505505"
"516827","2025-10-08T00:00:00.000","In Progress","2025-10-09T00:00:00.000",,"Miscellaneous - Transportation","Berkeley","CA","37.876608","-122.2689105"
"516828","2025-10-09T00:00:00.000","Open","2025-10-15T00:00:00.000",,"Noise Complaint","Berkeley","CA","37.863117","-122.2505505"
"516833","2025-10-09T00:00:00.000","Closed","2025-10-09T00:00:00.000","2025-10-09T00:00:00.000","Missed Trash Pickup - Commercial","Berkeley","CA","37.871685","-122.2674885"
"516837","2025-10-09T00:00:00.000","Closed","2025-11-23T00:00:00.000","2025-11-23T00:00:00.000","Sewer Maintenance","Berkeley","CA","37.866474","-122.2591095"
"516848","2025-10-09T00:00:00.000","Closed","2025-10-09T00:00:00.000","2025-10-09T00:00:00.000","Illegal Dumping - City Property","Berkeley","CA","37.863171","-122.26779"
"516994","2025-10-09T00:00:00.000","Closed","2025-10-09T00:00:00.000","2025-10-09T00:00:00.000","Abandoned Vehicle - Ready for PD (Parking Enforcement)","Berkeley","CA","37.880269988829291","-122.27178911223672"
"516997","2025-10-09T00:00:00.000","Closed","2025-10-10T00:00:00.000","2025-10-10T00:00:00.000","Illegal Dumping - City Property","Berkeley","CA","37.880078930170122","-122.2712340415107"
"516998","2025-10-09T00:00:00.000","Closed","2025-10-10T00:00:00.000","2025-10-10T00:00:00.000","Illegal Dumping - City Property","Berkeley","CA","37.880658805714717","-122.26906649909448"
"517009","2025-10-09T00:00:00.000","Closed","2025-10-10T00:00:00.000","2025-10-10T00:00:00.000","Illegal Dumping - City Property","Berkeley","CA","37.865790345960974","-122.26804157073393"
"517027","2025-10-09T00:00:00.000","Open","2025-10-09T00:00:00.000",,"Miscellaneous - Transportation","Berkeley","CA","37.864242","-122.2652565"
"517098","2025-10-10T00:00:00.000","Closed","2025-10-10T00:00:00.000","2025-10-10T00:00:00.000","Miscellaneous","Berkeley","CA","37.8733192133121","-122.27303062017573"
"517103","2025-10-10T00:00:00.000","Closed","2025-10-10T00:00:00.000","2025-10-10T00:00:00.000","Miscellaneous","Berkeley","CA","37.867959","-122.2601535"
"517104","2025-10-10T00:00:00.000","Closed","2025-10-23T00:00:00.000","2025-10-23T00:00:00.000","Doors / Gates / Hardware","Berkeley","CA","37.883527065417","-122.26095870561"
"517111","2025-10-10T00:00:00.000","Closed","2025-10-10T00:00:00.000","2025-10-10T00:00:00.000","Missed Trash Pickup - Residential","Berkeley","CA","37.881675681889","-122.271932614842"
"517154","2025-10-10T00:00:00.000","Open","2025-10-10T00:00:00.000",,"Encampment Complaint","Berkeley","CA","37.864539","-122.2630065"
"517198","2025-10-10T00:00:00.000","Closed","2025-10-16T00:00:00.000","2025-10-16T00:00:00.000","Tree Pruning","Berkeley","CA","37.879965","-122.2726185"
"517207","2025-10-10T00:00:00.000","Closed","2025-12-29T00:00:00.000","2025-12-29T00:00:00.000","Litter Pickup - Parks","Berkeley","CA","37.865511","-122.250411"
"517208","2025-10-10T00:00:00.000","Closed","2025-10-27T00:00:00.000","2025-10-27T00:00:00.000","Tree Pruning","Berkeley","CA","37.875825","-122.269941"
"517223","2025-10-10T00:00:00.000","Closed","2025-10-22T00:00:00.000","2025-10-22T00:00:00.000","Potholes","Berkeley","CA","37.874313","-122.2703235"
"517237","2025-10-10T00:00:00.000","Closed","2025-10-11T00:00:00.000","2025-10-11T00:00:00.000","Illegal Dumping - City Property","Berkeley","CA","37.8664912","-122.2518225"
"517239","2025-10-10T00:00:00.000","Closed","2025-10-11T00:00:00.000","2025-10-11T00:00:00.000","Illegal Dumping - City Property","Berkeley","CA","37.865992777528362","-122.25086219510651"
"517252","2025-10-11T00:00:00.000","Closed","2025-10-14T00:00:00.000","2025-10-14T00:00:00.000","Miscellaneous","Berkeley","CA","37.86633","-122.268897"
"517256","2025-10-11T00:00:00.000","Closed","2025-10-14T00:00:00.000","2025-10-14T00:00:00.000","Miscellaneous","Berkeley","CA","37.873026","-122.2698105"
"517258","2025-10-11T00:00:00.000","Closed","2025-10-14T00:00:00.000","2025-10-14T00:00:00.000","Housing Inspection Request by Tenant","Berkeley","CA","37.871109","-122.2670745"
"517260","2025-10-11T00:00:00.000","Closed","2025-10-15T00:00:00.000","2025-10-15T00:00:00.000","Illegal Dumping - City Property","Berkeley","CA","37.865268","-122.251905"
"517261","2025-10-11T00:00:00.000","Closed","2025-10-22T00:00:00.000","2025-10-22T00:00:00.000","Potholes","Berkeley","CA","37.875348","-122.269491"
"517271","2025-10-11T00:00:00.000","Closed","2025-10-14T00:00:00.000","2025-10-14T00:00:00.000","Illegal Dumping - City Property","Berkeley","CA","37.88152726689016","-122.27195222273976"
"517282","2025-10-11T00:00:00.000","Closed","2025-10-14T00:00:00.000","2025-10-14T00:00:00.000","Illegal Dumping - City Property","Berkeley","CA","37.8770476","-122.2721156"
"517288","2025-10-11T00:00:00.000","Closed","2025-10-14T00:00:00.000","2025-10-14T00:00:00.000","Miscellaneous","Berkeley","CA","37.881279","-122.2679835"
"517322","2025-10-13T00:00:00.000","Closed","2025-10-15T00:00:00.000","2025-10-15T00:00:00.000","Illegal Dumping - City Property","Berkeley","CA","37.864332","-122.2511985"
"517328","2025-10-13T00:00:00.000","Open","2025-10-14T00:00:00.000",,"Miscellaneous","Berkeley","CA","37.866033637868","-122.258110891457"
"517329","2025-10-13T00:00:00.000","Closed","2025-10-14T00:00:00.000","2025-10-14T00:00:00.000","Illegal Dumping","Berkeley","CA","37.868778","-122.249745"
"517374","2025-10-14T00:00:00.000","Closed","2025-11-19T00:00:00.000","2025-11-19T00:00:00.000","Sewer Maintenance","Berkeley","CA","37.867932","-122.250843"
"517382","2025-10-14T00:00:00.000","Closed","2025-10-16T00:00:00.000","2025-10-16T00:00:00.000","Mattress Program","Berkeley","CA","37.873717260139","-122.270521593724"
"517383","2025-10-14T00:00:00.000","In Progress","2025-10-14T00:00:00.000",,"Sewer Maintenance","Berkeley","CA","37.868805","-122.270895"
"517405","2025-10-14T00:00:00.000","Closed","2025-10-14T00:00:00.000","2025-10-14T00:00:00.000","Abandoned Vehicle - Ready for PD (Parking Enforcement)","Berkeley","CA","37.868103","-122.2489035"
"517419","2025-10-14T00:00:00.000","Closed","2025-10-30T00:00:00.000","2025-10-30T00:00:00.000","Storm Drain Problem/Maintenance","Berkeley","CA","37.866933","-122.2658235"
"517425","2025-10-14T00:00:00.000","Closed","2025-10-30T00:00:00.000","2025-10-30T00:00:00.000","Storm Drain Problem/Maintenance","Berkeley","CA","37.865142","-122.2654545"
"517431","2025-10-14T00:00:00.000","Closed","2025-10-27T00:00:00.000","2025-10-27T00:00:00.000","Parking Meter Repair","Berkeley","CA","37.867542295685","-122.2610993925"
"517433","2025-10-14T00:00:00.000","Closed","2025-10-30T00:00:00.000","2025-10-30T00:00:00.000","Storm Drain Problem/Maintenance","Berkeley","CA","37.864881","-122.2674885"
"517447","2025-10-14T00:00:00.000","Closed","2025-12-09T00:00:00.000","2025-12-09T00:00:00.000","Blue or Red Zone Install","Berkeley","CA","37.877985","-122.27256"
"517463","2025-10-14T00:00:00.000","Closed","2025-10-15T00:00:00.000","2025-10-15T00:00:00.000","Illegal Dumping - City Property","Berkeley","CA","37.862316","-122.2533855"
"517484","2025-10-14T00:00:00.000","Closed","2025-10-14T00:00:00.000","2025-10-14T00:00:00.000","Illegal Dumping","Berkeley","CA","37.868778","-122.249745"
"517487","2025-10-14T00:00:00.000","Closed","2025-10-16T00:00:00.000","2025-10-16T00:00:00.000","Mattress Program","Berkeley","CA","37.864683","-122.2635825"
"517490","2025-10-14T00:00:00.000","Closed","2025-11-20T00:00:00.000","2025-11-20T00:00:00.000","Facilities Electrical","Berkeley","CA","37.870164","-122.2712415"
"517505","2025-10-14T00:00:00.000","Closed","2025-10-15T00:00:00.000","2025-10-15T00:00:00.000","Graffiti Abatement - Streets and Utilities","Berkeley","CA","37.880514","-122.267079"
"517514","2025-10-14T00:00:00.000","Closed","2025-10-14T00:00:00.000","2025-10-14T00:00:00.000","Abandoned Vehicle - Ready for PD (Parking Enforcement)","Berkeley","CA","37.867086","-122.273127"
"517581","2025-10-14T00:00:00.000","Closed","2025-11-09T00:00:00.000","2025-11-09T00:00:00.000","Sewer Maintenance","Berkeley","CA","37.862505","-122.259636"
"517587","2025-10-14T00:00:00.000","Closed","2025-10-16T00:00:00.000","2025-10-16T00:00:00.000","Illegal Dumping - City Property","Berkeley","CA","37.882206","-122.270391"
"517621","2025-10-14T00:00:00.000","Closed","2025-10-15T00:00:00.000","2025-10-15T00:00:00.000","Missed Trash Pickup - Residential","Berkeley","CA","37.863963","-122.2592985"
"517625","2025-10-14T00:00:00.000","Closed","2025-10-22T00:00:00.000","2025-10-22T00:00:00.000","Potholes","Berkeley","CA","37.875735","-122.2706925"
"517632","2025-10-14T00:00:00.000","Closed","2025-10-15T00:00:00.000","2025-10-15T00:00:00.000","Miscellaneous","Berkeley","CA","37.875519","-122.272371"
"517635","2025-10-15T00:00:00.000","Closed","2025-10-15T00:00:00.000","2025-10-15T00:00:00.000","Broken Branch or Tree","Berkeley","CA","37.869462","-122.2709625"
"517650","2025-10-15T00:00:00.000","Closed","2025-10-15T00:00:00.000","2025-10-15T00:00:00.000","Illegal Dumping - City Property","Berkeley","CA","37.869462","-122.2709625"
"517651","2025-10-15T00:00:00.000","Closed","2025-10-22T00:00:00.000","2025-10-22T00:00:00.000","Parking Meter Repair","Berkeley","CA","37.869462","-122.2709625"
"517652","2025-10-15T00:00:00.000","Closed","2025-10-16T00:00:00.000","2025-10-16T00:00:00.000","Parking Enforcement - Request for Enforcement","Berkeley","CA","37.871748","-122.269851"
"517682","2025-10-15T00:00:00.000","Closed","2025-10-15T00:00:00.000","2025-10-15T00:00:00.000","Sewer Maintenance","Berkeley","CA","37.869462","-122.2709625"
"517693","2025-10-15T00:00:00.000","Open","2025-10-15T00:00:00.000",,"TNC AR10.2","Berkeley","CA","37.867561556875621","-122.26183163483232"
"517698","2025-10-15T00:00:00.000","Closed","2025-12-10T00:00:00.000","2025-12-10T00:00:00.000","Miscellaneous - Transportation","Berkeley","CA","37.88015234918","-122.266965437505"
"517754","2025-10-15T00:00:00.000","Closed","2025-10-17T00:00:00.000","2025-10-17T00:00:00.000","Street Lights - Repair","Berkeley","CA","37.867212","-122.2565445"
"517755","2025-10-15T00:00:00.000","Closed","2025-10-22T00:00:00.000","2025-10-22T00:00:00.000","Parking Meter Repair","Berkeley","CA","37.867212","-122.2585965"
"517794","2025-10-15T00:00:00.000","Closed","2025-10-21T00:00:00.000","2025-10-21T00:00:00.000","Sign Repair and Reinstallation","Berkeley","CA","37.865295","-122.2663815"
"517805","2025-10-15T00:00:00.000","Open","2025-10-15T00:00:00.000",,"TNC AR10.2","Berkeley","CA","37.87164","-122.2686855"
"517814","2025-10-15T00:00:00.000","Closed","2026-01-29T00:00:00.000","2026-01-29T00:00:00.000","Tree Pruning","Berkeley","CA","37.866582","-122.2662285"
"517828","2025-10-15T00:00:00.000","In Progress","2025-10-29T00:00:00.000",,"TNC AR10.2","Berkeley","CA","37.866024","-122.258628"
"517845","2025-10-15T00:00:00.000","Closed","2025-10-16T00:00:00.000","2025-10-16T00:00:00.000","Illegal Dumping - City Property","Berkeley","CA","37.881078868778587","-122.2738959537632"
"517851","2025-10-16T00:00:00.000","Closed","2025-10-17T00:00:00.000","2025-10-17T00:00:00.000","Broken Branch or Tree","Berkeley","CA","37.866933","-122.2658235"
"517883","2025-10-16T00:00:00.000","Closed","2025-10-16T00:00:00.000","2025-10-16T00:00:00.000","Illegal Dumping","Berkeley","CA","37.868625","-122.2495875"
"517892","2025-10-16T00:00:00.000","Closed","2025-10-17T00:00:00.000","2025-10-17T00:00:00.000","Broken Branch or Tree","Berkeley","CA","37.862937","-122.266251"
"517893","2025-10-16T00:00:00.000","Closed","2025-10-20T00:00:00.000","2025-10-20T00:00:00.000","Tree Pruning","Berkeley","CA","37.862937","-122.266251"
"517924","2025-10-16T00:00:00.000","Closed","2025-11-19T00:00:00.000","2025-11-19T00:00:00.000","Tree Removal","Berkeley","CA","37.867437","-122.265585"
"517964","2025-10-16T00:00:00.000","Closed","2025-10-16T00:00:00.000","2025-10-16T00:00:00.000","Miscellaneous","Berkeley","CA","37.867684657966656","-122.25167858542048"
"517965","2025-10-16T00:00:00.000","Closed","2025-10-16T00:00:00.000","2025-10-16T00:00:00.000","Illegal Dumping - City Property","Berkeley","CA","37.865061","-122.253507"
"517966","2025-10-16T00:00:00.000","Closed","2025-10-22T00:00:00.000","2025-10-22T00:00:00.000","Parking Meter Repair","Berkeley","CA","37.868839913954","-122.272651285458"
"517991","2025-10-16T00:00:00.000","Closed","2025-10-20T00:00:00.000","2025-10-20T00:00:00.000","Potholes","Berkeley","CA","37.871559","-122.2730145"
"517992","2025-10-16T00:00:00.000","Open","2025-10-16T00:00:00.000",,"Engineering - Paving Issue","Berkeley","CA","37.871559","-122.2730145"
"518028","2025-10-16T00:00:00.000","Closed","2025-10-17T00:00:00.000","2025-10-17T00:00:00.000","Illegal Dumping","Berkeley","CA","37.86352643797801","-122.26296433280417"
"518030","2025-10-16T00:00:00.000","Closed","2025-10-17T00:00:00.000","2025-10-17T00:00:00.000","Miscellaneous","Berkeley","CA","37.869054356713491","-122.24561692394256"
"518031","2025-10-17T00:00:00.000","Closed","2025-10-17T00:00:00.000","2025-10-17T00:00:00.000","Miscellaneous","Berkeley","CA","37.869084","-122.245515"
"518035","2025-10-17T00:00:00.000","Open","2025-10-17T00:00:00.000",,"Noise Complaint","Berkeley","CA","37.867761","-122.257188"
"518056","2025-10-17T00:00:00.000","Closed","2025-10-22T00:00:00.000","2025-10-22T00:00:00.000","Storm Drain Problem/Maintenance","Berkeley","CA","37.88049494752493","-122.26144167001007"
"518059","2025-10-17T00:00:00.000","Closed","2025-10-22T00:00:00.000","2025-10-22T00:00:00.000","Storm Drain Problem/Maintenance","Berkeley","CA","37.879498874602348","-122.26102315028234"
"518066","2025-10-17T00:00:00.000","Closed","2025-11-23T00:00:00.000","2025-11-23T00:00:00.000","Sewer Maintenance","Berkeley","CA","37.865133","-122.2584255"
"518108","2025-10-17T00:00:00.000","Closed","2025-10-18T00:00:00.000","2025-10-18T00:00:00.000","Illegal Dumping - City Property","Berkeley","CA","37.864539","-122.2630065"
"518128","2025-10-17T00:00:00.000","Closed","2025-10-18T00:00:00.000","2025-10-18T00:00:00.000","Illegal Dumping - City Property","Berkeley","CA","37.872243","-122.26914"
"518135","2025-10-17T00:00:00.000","Closed","2025-10-18T00:00:00.000","2025-10-18T00:00:00.000","Illegal Dumping - City Property","Berkeley","CA","37.875033","-122.265765"
"518141","2025-10-17T00:00:00.000","Closed","2025-10-17T00:00:00.000","2025-10-17T00:00:00.000","Parking Enforcement - Request for Enforcement","Berkeley","CA","37.869336","-122.2509465"
"518163","2025-10-17T00:00:00.000","Open","2025-10-17T00:00:00.000",,"Noise Complaint","Berkeley","CA","37.868184","-122.2512435"
"518173","2025-10-17T00:00:00.000","Closed","2025-10-30T00:00:00.000","2025-10-30T00:00:00.000","Pedestrian Signals Repair","Berkeley","CA","37.86669","-122.267691"
"518181","2025-10-17T00:00:00.000","Closed","2025-10-18T00:00:00.000","2025-10-18T00:00:00.000","Illegal Dumping - City Property","Berkeley","CA","37.863306","-122.259357"
"518192","2025-10-17T00:00:00.000","Closed","2025-10-18T00:00:00.000","2025-10-18T00:00:00.000","Pressure Washing","Berkeley","CA","37.875564","-122.261859"
"518201","2025-10-17T00:00:00.000","Closed","2025-10-30T00:00:00.000","2025-10-30T00:00:00.000","Storm Drain Problem/Maintenance","Berkeley","CA","37.86669","-122.267691"
"518204","2025-10-17T00:00:00.000","Closed","2026-01-20T00:00:00.000","2026-01-20T00:00:00.000","Sign Repair and Reinstallation","Berkeley","CA","37.874870876245666","-122.26771800224128"
"518206","2025-10-17T00:00:00.000","Closed","2025-10-20T00:00:00.000","2025-10-20T00:00:00.000","Potholes","Berkeley","CA","37.86669","-122.267691"
"518228","2025-10-18T00:00:00.000","Closed","2025-10-20T00:00:00.000","2025-10-20T00:00:00.000","Illegal Dumping - City Property","Berkeley","CA","37.864648207503272","-122.26540593788482"
"518239","2025-10-18T00:00:00.000","Open","2025-10-20T00:00:00.000",,"Noise Complaint","Berkeley","CA","37.870947","-122.272236"
"518240","2025-10-18T00:00:00.000","Closed","2025-10-21T00:00:00.000","2025-10-21T00:00:00.000","Illegal Dumping - City Property","Berkeley","CA","37.8657412","-122.2506752"
"518242","2025-10-18T00:00:00.000","Closed","2025-10-20T00:00:00.000","2025-10-20T00:00:00.000","Abandoned Vehicle - Ready for PD (Parking Enforcement)","Berkeley","CA","37.866492","-122.252022"
"518253","2025-10-18T00:00:00.000","Closed","2025-10-20T00:00:00.000","2025-10-20T00:00:00.000","Illegal Dumping - City Property","Berkeley","CA","37.864815804610224","-122.26070713251829"
"518254","2025-10-19T00:00:00.000","Open","2025-10-20T00:00:00.000",,"Noise Complaint","Berkeley","CA","37.882183942542262","-122.2713825281498"
"518256","2025-10-19T00:00:00.000","Open","2025-10-20T00:00:00.000",,"Vector Control","Berkeley","CA","37.877742","-122.2591005"
"518268","2025-10-19T00:00:00.000","Closed","2025-10-21T00:00:00.000","2025-10-21T00:00:00.000","Illegal Dumping - City Property","Berkeley","CA","37.881458627895839","-122.27317220700849"
"518283","2025-10-19T00:00:00.000","Open","2025-10-20T00:00:00.000",,"Vegetation Violation Notice","Berkeley","CA","37.877346551514819","-122.27002624651622"
"518286","2025-10-19T00:00:00.000","Closed","2025-11-25T00:00:00.000","2025-11-25T00:00:00.000","Street Lights - Repair","Berkeley","CA","37.8631300115134","-122.27295788649271"
"518293","2025-10-20T00:00:00.000","Closed","2025-10-20T00:00:00.000","2025-10-20T00:00:00.000","Illegal Dumping - City Property","Berkeley","CA","37.863171","-122.26779"
"518298","2025-10-20T00:00:00.000","Closed","2025-10-21T00:00:00.000","2025-10-21T00:00:00.000","Graffiti Abatement - Traffic Maintenance","Berkeley","CA","37.880361","-122.2682175"
"518322","2025-10-20T00:00:00.000","Closed","2025-10-20T00:00:00.000","2025-10-20T00:00:00.000","Illegal Dumping - City Property","Berkeley","CA","37.870025575919","-122.265911710499"
"518340","2025-10-20T00:00:00.000","Open","2025-10-20T00:00:00.000",,"Miscellaneous - Transportation","Berkeley","CA","37.869894","-122.2661295"
"518375","2025-10-20T00:00:00.000","Closed","2025-10-20T00:00:00.000","2025-10-20T00:00:00.000","Missed Trash Pickup - Residential","Berkeley","CA","37.874844","-122.270445"
"518404","2025-10-20T00:00:00.000","Closed","2025-11-03T00:00:00.000","2025-11-03T00:00:00.000","Street Striping/Marking (Refresh)","Berkeley","CA","37.866024","-122.258628"
"518419","2025-10-20T00:00:00.000","Open","2026-03-16T00:00:00.000",,"Blue or Red Zone Install","Berkeley","CA","37.881387","-122.2622865"
"518422","2025-10-20T00:00:00.000","Closed","2025-10-20T00:00:00.000","2025-10-20T00:00:00.000","Miscellaneous - Transportation","Berkeley","CA","37.881351","-122.2629345"
"518423","2025-10-20T00:00:00.000","Open","2025-10-20T00:00:00.000",,"Miscellaneous - Transportation","Berkeley","CA","37.881903314146875","-122.27083285731273"
"518479","2025-10-20T00:00:00.000","Closed","2025-10-23T00:00:00.000","2025-10-23T00:00:00.000","Mattress Program","Berkeley","CA","37.865106","-122.2530435"
"518491","2025-10-20T00:00:00.000","Closed","2025-10-21T00:00:00.000","2025-10-21T00:00:00.000","Abandoned Vehicle - Ready for PD (Parking Enforcement)","Berkeley","CA","37.878183","-122.2643745"
"518498","2025-10-20T00:00:00.000","Closed","2025-10-21T00:00:00.000","2025-10-21T00:00:00.000","Miscellaneous","Berkeley","CA","37.862496","-122.25915"
"518507","2025-10-20T00:00:00.000","In Progress","2025-10-21T00:00:00.000",,"Noise Complaint","Berkeley","CA","37.875555","-122.2721055"
"518514","2025-10-21T00:00:00.000","Closed","2025-10-21T00:00:00.000","2025-10-21T00:00:00.000","Abandoned Vehicle - Ready for PD (Parking Enforcement)","Berkeley","CA","37.867356","-122.27292"
"518524","2025-10-21T00:00:00.000","Closed","2025-11-15T00:00:00.000","2025-11-15T00:00:00.000","Sewer Maintenance","Berkeley","CA","37.876293","-122.2657695"
"518536","2025-10-21T00:00:00.000","Closed","2025-10-21T00:00:00.000","2025-10-21T00:00:00.000","Illegal Dumping - City Property","Berkeley","CA","37.881594","-122.2729875"
"518567","2025-10-21T00:00:00.000","Closed","2025-11-24T00:00:00.000","2025-11-24T00:00:00.000","Illegal Dumping - City Property","Berkeley","CA","37.862712","-122.2609275"
"518588","2025-10-21T00:00:00.000","Closed","2025-10-21T00:00:00.000","2025-10-21T00:00:00.000","Direct Line General - 311","Berkeley","CA","37.879425","-122.259465"
"518599","2025-10-21T00:00:00.000","Closed","2025-10-21T00:00:00.000","2025-10-21T00:00:00.000","Direct Line General - 311","Berkeley","CA","37.867491","-122.2729335"
"518604","2025-10-21T00:00:00.000","Closed","2025-10-21T00:00:00.000","2025-10-21T00:00:00.000","Direct Line General - 311","Berkeley","CA","37.883286","-122.254686"
"518613","2025-10-21T00:00:00.000","Closed","2025-10-21T00:00:00.000","2025-10-21T00:00:00.000","Direct Line General - 311","Berkeley","CA","37.87209","-122.272722"
"518621","2025-10-21T00:00:00.000","Closed","2025-10-21T00:00:00.000","2025-10-21T00:00:00.000","Direct Line General - 311","Berkeley","CA","37.883286","-122.2725195"
"518630","2025-10-21T00:00:00.000","Closed","2025-10-21T00:00:00.000","2025-10-21T00:00:00.000","Direct Line General - 311","Berkeley","CA","37.871679782798","-122.272952120506"
"518645","2025-10-21T00:00:00.000","Closed","2025-10-21T00:00:00.000","2025-10-21T00:00:00.000","Direct Line General - 311","Berkeley","CA","37.863580015043","-122.260542960509"
"518688","2025-10-21T00:00:00.000","Open","2025-10-21T00:00:00.000",,"Encampment Complaint","Berkeley","CA","37.871289578626","-122.267712120547"
"518692","2025-10-21T00:00:00.000","Closed","2025-10-21T00:00:00.000","2025-10-21T00:00:00.000","Direct Line General - 311","Berkeley","CA","37.875816","-122.2737525"
"518694","2025-10-21T00:00:00.000","Closed","2025-10-21T00:00:00.000","2025-10-21T00:00:00.000","Illegal Dumping","Berkeley","CA","37.868625","-122.2495875"
"518704","2025-10-21T00:00:00.000","Closed","2025-10-22T00:00:00.000","2025-10-22T00:00:00.000","Illegal Dumping - City Property","Berkeley","CA","37.8680349","-122.2500842"
"518718","2025-10-21T00:00:00.000","Closed","2025-11-04T00:00:00.000","2025-11-04T00:00:00.000","Parks Landscape Maintenance","Berkeley","CA","37.875406451725","-122.271107425805"
"518723","2025-10-21T00:00:00.000","Closed","2025-10-23T00:00:00.000","2025-10-23T00:00:00.000","Illegal Dumping - City Property","Berkeley","CA","37.863228061094667","-122.25950986963072"
"518738","2025-10-22T00:00:00.000","Closed","2025-10-29T00:00:00.000","2025-10-29T00:00:00.000","Graffiti Abatement - Traffic Maintenance","Berkeley","CA","37.880964","-122.2636725"
"518741","2025-10-22T00:00:00.000","Closed","2025-10-22T00:00:00.000","2025-10-22T00:00:00.000","Graffiti Abatement - Streets and Utilities","Berkeley","CA","37.880226","-122.2693425"
"518758","2025-10-22T00:00:00.000","Closed","2025-10-22T00:00:00.000","2025-10-22T00:00:00.000","Abandoned Vehicle - Ready for PD (Parking Enforcement)","Berkeley","CA","37.875348","-122.269491"
"518772","2025-10-22T00:00:00.000","Closed","2025-10-22T00:00:00.000","2025-10-22T00:00:00.000","Illegal Dumping - City Property","Berkeley","CA","37.8822034506737","-122.26879246512328"
"518806","2025-10-22T00:00:00.000","Closed","2025-10-22T00:00:00.000","2025-10-22T00:00:00.000","Miscellaneous Service Request","Berkeley","CA","37.86228","-122.26419"
"518858","2025-10-22T00:00:00.000","Closed","2025-10-23T00:00:00.000","2025-10-23T00:00:00.000","Illegal Dumping - City Property","Berkeley","CA","37.876464","-122.257035"
"518887","2025-10-22T00:00:00.000","Open","2025-10-22T00:00:00.000",,"Noise Complaint","Berkeley","CA","37.868868844470107","-122.25926917207795"
"518894","2025-10-22T00:00:00.000","Closed","2025-10-22T00:00:00.000","2025-10-22T00:00:00.000","Missed Trash Pickup - Commercial","Berkeley","CA","37.871892","-122.26869"
"518909","2025-10-22T00:00:00.000","Closed","2025-10-23T00:00:00.000","2025-10-23T00:00:00.000","Potholes","Berkeley","CA","37.87700454291","-122.27370495284"
"518916","2025-10-22T00:00:00.000","Closed","2025-10-23T00:00:00.000","2025-10-23T00:00:00.000","Illegal Dumping - City Property","Berkeley","CA","37.865391472520969","-122.26872464804679"
"518917","2025-10-22T00:00:00.000","Closed","2025-10-23T00:00:00.000","2025-10-23T00:00:00.000","Illegal Dumping - City Property","Berkeley","CA","37.864695106624787","-122.26978981141582"
"518918","2025-10-22T00:00:00.000","Open","2025-10-22T00:00:00.000",,"Miscellaneous - Engineering","Berkeley","CA","37.873409884726","-122.254982950112"
"518922","2025-10-22T00:00:00.000","Closed","2025-10-29T00:00:00.000","2025-10-29T00:00:00.000","Storm Drain Problem/Maintenance","Berkeley","CA","37.879530834677475","-122.26108754299163"
"518923","2025-10-22T00:00:00.000","In Progress","2025-10-22T00:00:00.000",,"Storm Drain Problem/Maintenance","Berkeley","CA","37.880343","-122.2612605"
"518935","2025-10-22T00:00:00.000","Closed","2025-10-22T00:00:00.000","2025-10-22T00:00:00.000","Miscellaneous","Berkeley","CA","37.870164","-122.2712415"
"518957","2025-10-22T00:00:00.000","Closed","2025-10-23T00:00:00.000","2025-10-23T00:00:00.000","Miscellaneous","Berkeley","CA","37.865076068237","-122.27263249814"
"518959","2025-10-22T00:00:00.000","Closed","2025-10-23T00:00:00.000","2025-10-23T00:00:00.000","Miscellaneous","Berkeley","CA","37.877751492775","-122.262684702907"
"518985","2025-10-23T00:00:00.000","Open","2025-10-23T00:00:00.000",,"Signage or Pavement Marking","Berkeley","CA","37.870146","-122.2658505"
"518987","2025-10-23T00:00:00.000","Closed","2025-10-23T00:00:00.000","2025-10-23T00:00:00.000","Abandoned Vehicle - Ready for PD (Parking Enforcement)","Berkeley","CA","37.867356","-122.27292"
"519091","2025-10-23T00:00:00.000","Closed","2025-10-24T00:00:00.000","2025-10-24T00:00:00.000","Illegal Dumping - City Property","Berkeley","CA","37.869678","-122.2658055"
"519116","2025-10-23T00:00:00.000","Closed","2025-10-25T00:00:00.000","2025-10-25T00:00:00.000","Abandoned Vehicle - Ready for PD (Parking Enforcement)","Berkeley","CA","37.883607772942895","-122.26357509541523"
"519155","2025-10-23T00:00:00.000","Closed","2025-10-24T00:00:00.000","2025-10-24T00:00:00.000","Illegal Dumping - City Property","Berkeley","CA","37.863135","-122.25285"
"519184","2025-10-24T00:00:00.000","Closed","2025-10-24T00:00:00.000","2025-10-24T00:00:00.000","Illegal Dumping - City Property","Berkeley","CA","37.86786","-122.253435"
"519222","2025-10-24T00:00:00.000","Closed","2025-10-27T00:00:00.000","2025-10-27T00:00:00.000","Broken Branch or Tree","Berkeley","CA","37.874916","-122.272776"
"519238","2025-10-24T00:00:00.000","Closed","2025-11-04T00:00:00.000","2025-11-04T00:00:00.000","Storm Drain Problem/Maintenance","Berkeley","CA","37.882001240802","-122.25143502389"
"519241","2025-10-24T00:00:00.000","Closed","2025-10-25T00:00:00.000","2025-10-25T00:00:00.000","Removal of Homeless Possessions","Berkeley","CA","37.870029","-122.272281"
"519253","2025-10-24T00:00:00.000","Closed","2025-10-25T00:00:00.000","2025-10-25T00:00:00.000","Illegal Dumping - City Property","Berkeley","CA","37.877165145757843","-122.25974780415233"
"519255","2025-10-24T00:00:00.000","Closed","2025-10-25T00:00:00.000","2025-10-25T00:00:00.000","Illegal Dumping - City Property","Berkeley","CA","37.874277","-122.2653915"
"519256","2025-10-24T00:00:00.000","Closed","2025-10-24T00:00:00.000","2025-10-24T00:00:00.000","Miscellaneous","Berkeley","CA","37.862928","-122.2633935"
"519259","2025-10-24T00:00:00.000","Closed","2025-10-24T00:00:00.000","2025-10-24T00:00:00.000","Missed Trash Pickup - Commercial","Berkeley","CA","37.871892","-122.26869"
"519282","2025-10-24T00:00:00.000","Closed","2025-10-24T00:00:00.000","2025-10-24T00:00:00.000","Miscellaneous","Berkeley","CA","37.868926245269229","-122.25696177200329"
"519310","2025-10-24T00:00:00.000","Closed","2025-11-10T00:00:00.000","2025-11-10T00:00:00.000","Tree Pruning","Berkeley","CA","37.87641","-122.272191"
"519327","2025-10-24T00:00:00.000","Open","2025-10-24T00:00:00.000",,"Miscellaneous - Transportation","Berkeley","CA","37.876014","-122.273514"
"519347","2025-10-24T00:00:00.000","Closed","2025-10-24T00:00:00.000","2025-10-24T00:00:00.000","Missed Trash Pickup - Commercial","Berkeley","CA","37.867212","-122.2585965"
"519360","2025-10-25T00:00:00.000","Open","2025-10-27T00:00:00.000",,"Noise Complaint","Berkeley","CA","37.86651","-122.25987"
"519377","2025-10-25T00:00:00.000","Closed","2025-10-27T00:00:00.000","2025-10-27T00:00:00.000","Illegal Dumping - City Property","Berkeley","CA","37.881555891509706","-122.27208150393929"
"519378","2025-10-25T00:00:00.000","Closed","2025-10-27T00:00:00.000","2025-10-27T00:00:00.000","Illegal Dumping - City Property","Berkeley","CA","37.881916609183982","-122.2716642801237"
"519380","2025-10-25T00:00:00.000","Closed","2025-10-27T00:00:00.000","2025-10-27T00:00:00.000","Illegal Dumping - City Property","Berkeley","CA","37.879637918493529","-122.26714229124912"
"519381","2025-10-25T00:00:00.000","Closed","2025-10-27T00:00:00.000","2025-10-27T00:00:00.000","Illegal Dumping - City Property","Berkeley","CA","37.879185477071644","-122.26713391585508"
"519382","2025-10-25T00:00:00.000","Closed","2025-10-27T00:00:00.000","2025-10-27T00:00:00.000","Illegal Dumping - City Property","Berkeley","CA","37.878185776019883","-122.26698993733334"
"519384","2025-10-25T00:00:00.000","Closed","2025-10-27T00:00:00.000","2025-10-27T00:00:00.000","Illegal Dumping - City Property","Berkeley","CA","37.877317267471305","-122.27122467493064"
"519385","2025-10-25T00:00:00.000","Closed","2025-10-27T00:00:00.000","2025-10-27T00:00:00.000","Illegal Dumping - City Property","Berkeley","CA","37.877412011141843","-122.27154748238452"
"519386","2025-10-25T00:00:00.000","Closed","2025-10-27T00:00:00.000","2025-10-27T00:00:00.000","Illegal Dumping - City Property","Berkeley","CA","37.878978923141482","-122.27139356382274"
"519387","2025-10-25T00:00:00.000","Closed","2025-10-28T00:00:00.000","2025-10-28T00:00:00.000","Illegal Dumping - City Property","Berkeley","CA","37.8797308253784","-122.27198192363079"
"519402","2025-10-26T00:00:00.000","Closed","2026-02-02T00:00:00.000","2026-02-02T00:00:00.000","Sign Repair and Reinstallation","Berkeley","CA","37.877787","-122.2607025"
"519404","2025-10-26T00:00:00.000","Open","2025-10-27T00:00:00.000",,"Graffiti Abatement - Traffic Maintenance","Berkeley","CA","37.869122228997746","-122.25713415963168"
"519411","2025-10-27T00:00:00.000","Closed","2025-10-27T00:00:00.000","2025-10-27T00:00:00.000","Missed Trash Pickup - Commercial","Berkeley","CA","37.871451","-122.270481"
"519444","2025-10-27T00:00:00.000","Closed","2025-10-27T00:00:00.000","2025-10-27T00:00:00.000","Miscellaneous","Berkeley","CA","37.879556699999988","-122.2671042"
"519465","2025-10-27T00:00:00.000","Closed","2025-11-05T00:00:00.000","2025-11-05T00:00:00.000","Pedestrian Signals Repair","Berkeley","CA","37.870308","-122.2680465"
"519478","2025-10-27T00:00:00.000","Open","2025-10-27T00:00:00.000",,"Median Vegetation Maintenance","Berkeley","CA","37.863072","-122.267268"
"519501","2025-10-27T00:00:00.000","Closed","2025-10-28T00:00:00.000","2025-10-28T00:00:00.000","Broken Branch or Tree","Berkeley","CA","37.868112","-122.256729"
"519513","2025-10-27T00:00:00.000","Closed","2025-11-04T00:00:00.000","2025-11-04T00:00:00.000","Tree Pruning","Berkeley","CA","37.881153","-122.2738335"
"519519","2025-10-27T00:00:00.000","Closed","2025-10-27T00:00:00.000","2025-10-27T00:00:00.000","Illegal Dumping - City Property","Berkeley","CA","37.880928","-122.267943"
"519521","2025-10-27T00:00:00.000","Closed","2025-10-30T00:00:00.000","2025-10-30T00:00:00.000","Illegal Dumping - City Property","Berkeley","CA","37.876968","-122.2716375"
"519532","2025-10-27T00:00:00.000","Closed","2026-02-09T00:00:00.000","2026-02-09T00:00:00.000","Parking Meter Repair","Berkeley","CA","37.865358","-122.2670565"
"519536","2025-10-27T00:00:00.000","Closed","2025-10-28T00:00:00.000","2025-10-28T00:00:00.000","Illegal Dumping - City Property","Berkeley","CA","37.879678464613221","-122.2720831980197"
"519588","2025-10-27T00:00:00.000","Closed","2025-10-29T00:00:00.000","2025-10-29T00:00:00.000","Illegal Dumping - City Property","Berkeley","CA","37.862984625062275","-122.26889448115389"
"519598","2025-10-27T00:00:00.000","Open","2025-10-27T00:00:00.000",,"Noise Complaint","Berkeley","CA","37.877931","-122.2671195"
"519638","2025-10-27T00:00:00.000","Closed","2025-10-28T00:00:00.000","2025-10-28T00:00:00.000","Abandoned Vehicle - Ready for PD (Parking Enforcement)","Berkeley","CA","37.88397","-122.2596315"
"519639","2025-10-27T00:00:00.000","Closed","2025-10-28T00:00:00.000","2025-10-28T00:00:00.000","Abandoned Vehicle","Berkeley","CA","37.88397","-122.2596315"
"519640","2025-10-27T00:00:00.000","Closed","2025-10-28T00:00:00.000","2025-10-28T00:00:00.000","Abandoned Vehicle - Ready for PD (Parking Enforcement)","Berkeley","CA","37.87767","-122.2636455"
"519641","2025-10-27T00:00:00.000","Closed","2025-11-25T00:00:00.000","2025-11-25T00:00:00.000","Street Lights - Repair","Berkeley","CA","37.866369506064366","-122.25588639600476"
"519642","2025-10-27T00:00:00.000","Closed","2026-02-09T00:00:00.000","2026-02-09T00:00:00.000","Street Lights - Repair","Berkeley","CA","37.866441512276538","-122.25549312760816"
"519645","2025-10-28T00:00:00.000","Closed","2025-10-28T00:00:00.000","2025-10-28T00:00:00.000","Noise Complaint","Berkeley","CA","37.874817","-122.263479"
"519652","2025-10-28T00:00:00.000","Closed","2025-10-28T00:00:00.000","2025-10-28T00:00:00.000","Facilities Electrical","Berkeley","CA","37.870164","-122.2712415"
"519653","2025-10-28T00:00:00.000","Closed","2025-10-28T00:00:00.000","2025-10-28T00:00:00.000","Sewer Maintenance","Berkeley","CA","37.870164","-122.2712415"
"519664","2025-10-28T00:00:00.000","Closed","2025-10-28T00:00:00.000","2025-10-28T00:00:00.000","Illegal Dumping - City Property","Berkeley","CA","37.876023","-122.260338"
"519690","2025-10-28T00:00:00.000","Closed","2025-10-28T00:00:00.000","2025-10-28T00:00:00.000","Direct Line General - 311","Berkeley","CA","37.864638","-122.2713945"
"519696","2025-10-28T00:00:00.000","Closed","2025-10-28T00:00:00.000","2025-10-28T00:00:00.000","Direct Line General - 311","Berkeley","CA","37.871289578626","-122.267712120547"
"519705","2025-10-28T00:00:00.000","Closed","2026-02-18T00:00:00.000","2026-02-18T00:00:00.000","Hand Sweeping","Berkeley","CA","37.877454","-122.2613505"
"519735","2025-10-28T00:00:00.000","Closed","2025-10-30T00:00:00.000","2025-10-30T00:00:00.000","Potholes","Berkeley","CA","37.874205","-122.273307"
"519736","2025-10-28T00:00:00.000","Closed","2025-12-01T00:00:00.000","2025-12-01T00:00:00.000","Potholes","Berkeley","CA","37.876090761411554","-122.2735011943798"
"519773","2025-10-28T00:00:00.000","Closed","2025-10-30T00:00:00.000","2025-10-30T00:00:00.000","Illegal Dumping - City Property","Berkeley","CA","37.863790940236171","-122.25616266137695"
"519787","2025-10-28T00:00:00.000","Closed","2025-10-29T00:00:00.000","2025-10-29T00:00:00.000","Facilities Electrical","Berkeley","CA","37.869462","-122.2709625"
"519791","2025-10-28T00:00:00.000","Closed","2025-10-29T00:00:00.000","2025-10-29T00:00:00.000","Illegal Dumping - City Property","Berkeley","CA","37.87245","-122.2660935"
"519792","2025-10-28T00:00:00.000","Closed","2025-10-29T00:00:00.000","2025-10-29T00:00:00.000","Illegal Dumping - City Property","Berkeley","CA","37.864539","-122.2630065"
"519871","2025-10-29T00:00:00.000","Closed","2025-12-22T00:00:00.000","2025-12-22T00:00:00.000","Fixtures","Berkeley","CA","37.869462","-122.2709625"
"519874","2025-10-29T00:00:00.000","Closed","2025-10-29T00:00:00.000","2025-10-29T00:00:00.000","Hand Sweeping","Berkeley","CA","37.863072","-122.267268"
"519887","2025-10-29T00:00:00.000","Closed","2025-10-29T00:00:00.000","2025-10-29T00:00:00.000","Direct Line General - 311","Berkeley","CA","37.870002","-122.2725285"
"519892","2025-10-29T00:00:00.000","Closed","2025-10-29T00:00:00.000","2025-10-29T00:00:00.000","Miscellaneous","Berkeley","CA","37.865511","-122.254101"
"519900","2025-10-29T00:00:00.000","Closed","2026-05-01T00:00:00.000","2026-05-01T00:00:00.000","Tree Removal","Berkeley","CA","37.877301","-122.272821"
"519903","2025-10-29T00:00:00.000","Closed","2025-10-29T00:00:00.000","2025-10-29T00:00:00.000","Direct Line General - 311","Berkeley","CA","37.863522","-122.260788"
"519910","2025-10-29T00:00:00.000","Closed","2025-10-29T00:00:00.000","2025-10-29T00:00:00.000","Direct Line General - 311","Berkeley","CA","37.867932","-122.256306"
"519911","2025-10-29T00:00:00.000","Open","2025-10-29T00:00:00.000",,"Miscellaneous - Engineering","Berkeley","CA","37.882251","-122.25978"
"519914","2025-10-29T00:00:00.000","Closed","2025-10-29T00:00:00.000","2025-10-29T00:00:00.000","Direct Line General - 311","Berkeley","CA","37.880793","-122.266611"
"519915","2025-10-29T00:00:00.000","Closed","2025-10-29T00:00:00.000","2025-10-29T00:00:00.000","Direct Line General - 311","Berkeley","CA","37.8792","-122.2577955"
"519920","2025-10-29T00:00:00.000","Closed","2025-10-29T00:00:00.000","2025-10-29T00:00:00.000","Facilities Electrical","Berkeley","CA","37.870056","-122.2732215"
"519948","2025-10-29T00:00:00.000","Closed","2025-10-29T00:00:00.000","2025-10-29T00:00:00.000","Direct Line General - 311","Berkeley","CA","37.875969","-122.266233"
"519950","2025-10-29T00:00:00.000","Closed","2025-10-29T00:00:00.000","2025-10-29T00:00:00.000","Parking Enforcement - Request for Enforcement","Berkeley","CA","37.881387","-122.2622865"
"519957","2025-10-29T00:00:00.000","Closed","2025-10-29T00:00:00.000","2025-10-29T00:00:00.000","Parking Enforcement - Request for Enforcement","Berkeley","CA","37.881387","-122.2622865"
"519959","2025-10-29T00:00:00.000","Closed","2025-11-13T00:00:00.000","2025-11-13T00:00:00.000","Forestry Miscellaneous","Berkeley","CA","37.874205","-122.2683795"
"519962","2025-10-29T00:00:00.000","Closed","2025-11-14T00:00:00.000","2025-11-14T00:00:00.000","Tree Pruning","Berkeley","CA","37.874205","-122.2683795"
"519987","2025-10-29T00:00:00.000","Closed","2025-10-29T00:00:00.000","2025-10-29T00:00:00.000","Abandoned Vehicle - Ready for PD (Parking Enforcement)","Berkeley","CA","37.88397","-122.2596315"
"519997","2025-10-29T00:00:00.000","Closed","2025-10-31T00:00:00.000","2025-10-31T00:00:00.000","Illegal Dumping - City Property","Berkeley","CA","37.863711","-122.2714665"
"520001","2025-10-29T00:00:00.000","Closed","2025-10-30T00:00:00.000","2025-10-30T00:00:00.000","Illegal Dumping - City Property","Berkeley","CA","37.878183","-122.2591005"
"520011","2025-10-29T00:00:00.000","Closed","2025-10-30T00:00:00.000","2025-10-30T00:00:00.000","Illegal Dumping - City Property","Berkeley","CA","37.877922480545742","-122.26917357076472"
"520037","2025-10-29T00:00:00.000","Closed","2025-10-31T00:00:00.000","2025-10-31T00:00:00.000","Kitchen Pail","Berkeley","CA","37.87749","-122.2611705"
"520066","2025-10-29T00:00:00.000","Closed","2025-11-03T00:00:00.000","2025-11-03T00:00:00.000","Sign Repair and Reinstallation","Berkeley","CA","37.882323","-122.2483005"
"520070","2025-10-29T00:00:00.000","Closed","2025-11-05T00:00:00.000","2025-11-05T00:00:00.000","Parking Enforcement - Request for Enforcement","Berkeley","CA","37.865502","-122.273181"
"520122","2025-10-30T00:00:00.000","Closed","2025-10-31T00:00:00.000","2025-10-31T00:00:00.000","Graffiti Abatement - Streets and Utilities","Berkeley","CA","37.880514","-122.267079"
"520152","2025-10-30T00:00:00.000","Closed","2026-04-24T00:00:00.000","2026-04-24T00:00:00.000","Signage or Pavement Marking","Berkeley","CA","37.862118","-122.253552"
"520206","2025-10-30T00:00:00.000","Closed","2025-11-13T00:00:00.000","2025-11-13T00:00:00.000","Street Lights - Repair","Berkeley","CA","37.881252","-122.2614495"
"520231","2025-10-30T00:00:00.000","Open","2025-10-30T00:00:00.000",,"TNC AR10.2","Berkeley","CA","37.872153","-122.268429"
"520271","2025-10-30T00:00:00.000","Closed","2025-10-31T00:00:00.000","2025-10-31T00:00:00.000","Miscellaneous","Berkeley","CA","37.862289","-122.257152"
"520302","2025-10-31T00:00:00.000","Closed","2026-02-10T00:00:00.000","2026-02-10T00:00:00.000","Parking Meter Repair","Berkeley","CA","37.866340592482","-122.26329175319"
"520328","2025-10-31T00:00:00.000","Closed","2025-11-03T00:00:00.000","2025-11-03T00:00:00.000","Housing Inspection Request by Tenant","Berkeley","CA","37.877076","-122.257431"
"520365","2025-10-31T00:00:00.000","Open","2025-10-31T00:00:00.000",,"Elevator Services/Repair","Berkeley","CA","37.870533","-122.2698825"
"520378","2025-10-31T00:00:00.000","Closed","2025-11-06T00:00:00.000","2025-11-06T00:00:00.000","Kitchen Pail","Berkeley","CA","37.874547","-122.2657065"
"520397","2025-10-31T00:00:00.000","Closed","2025-10-31T00:00:00.000","2025-10-31T00:00:00.000","Miscellaneous","Berkeley","CA","37.8701765285363","-122.27330745875385"
"520423","2025-10-31T00:00:00.000","Closed","2025-11-04T00:00:00.000","2025-11-04T00:00:00.000","Graffiti Abatement - Streets and Utilities","Berkeley","CA","37.876435103340306","-122.26245583005353"
"520425","2025-11-01T00:00:00.000","Closed","2025-11-03T00:00:00.000","2025-11-03T00:00:00.000","Parking Enforcement - Request for Enforcement","Berkeley","CA","37.870377","-122.2703859"
"520431","2025-11-01T00:00:00.000","Open","2025-11-03T00:00:00.000",,"Noise Complaint","Berkeley","CA","37.8693","-122.252625"
"520439","2025-11-01T00:00:00.000","Open","2025-11-03T00:00:00.000",,"Noise Complaint","Berkeley","CA","37.867005","-122.250033"
"520443","2025-11-01T00:00:00.000","Closed","2025-11-04T00:00:00.000","2025-11-04T00:00:00.000","Illegal Dumping - City Property","Berkeley","CA","37.879862338558979","-122.27112228305404"
"520444","2025-11-01T00:00:00.000","Closed","2025-11-04T00:00:00.000","2025-11-04T00:00:00.000","Illegal Dumping - City Property","Berkeley","CA","37.879885369314138","-122.27056076274785"
"520445","2025-11-01T00:00:00.000","Closed","2025-11-03T00:00:00.000","2025-11-03T00:00:00.000","Illegal Dumping - City Property","Berkeley","CA","37.880098376736235","-122.26989161009891"
"520446","2025-11-01T00:00:00.000","Closed","2025-11-03T00:00:00.000","2025-11-03T00:00:00.000","Illegal Dumping - City Property","Berkeley","CA","37.878013253196649","-122.26806287060352"
"520447","2025-11-01T00:00:00.000","Closed","2025-11-03T00:00:00.000","2025-11-03T00:00:00.000","Illegal Dumping - City Property","Berkeley","CA","37.877525601730206","-122.26799906875598"
"520448","2025-11-01T00:00:00.000","Closed","2025-11-04T00:00:00.000","2025-11-04T00:00:00.000","Illegal Dumping - City Property","Berkeley","CA","37.876758447308852","-122.26999263715665"
"520451","2025-11-01T00:00:00.000","Open","2025-11-03T00:00:00.000",,"Noise Complaint","Berkeley","CA","37.876464","-122.259096"
"520452","2025-11-01T00:00:00.000","Open","2025-11-03T00:00:00.000",,"Noise Complaint","Berkeley","CA","37.875555","-122.2721055"
"520461","2025-11-01T00:00:00.000","Open","2025-11-03T00:00:00.000",,"Noise Complaint","Berkeley","CA","37.86633","-122.268897"
"520462","2025-11-01T00:00:00.000","Closed","2025-11-03T00:00:00.000","2025-11-03T00:00:00.000","Miscellaneous","Berkeley","CA","37.86696","-122.2692705"
"520463","2025-11-01T00:00:00.000","Closed","2025-11-03T00:00:00.000","2025-11-03T00:00:00.000","Illegal Dumping","Berkeley","CA","37.8723074","-122.2687092"
"520464","2025-11-01T00:00:00.000","Closed","2025-11-03T00:00:00.000","2025-11-03T00:00:00.000","Parking Enforcement - Request for Enforcement","Berkeley","CA","37.8775989","-122.2699964"
"520465","2025-11-01T00:00:00.000","Open","2025-11-03T00:00:00.000",,"Noise Complaint","Berkeley","CA","37.877995943635938","-122.26254149642558"
"520466","2025-11-01T00:00:00.000","Open","2025-11-03T00:00:00.000",,"Noise Complaint","Berkeley","CA","37.8762859","-122.2659918"
"520476","2025-11-02T00:00:00.000","Closed","2025-11-03T00:00:00.000","2025-11-03T00:00:00.000","Illegal Dumping - City Property","Berkeley","CA","37.863549","-122.265261"
"520477","2025-11-02T00:00:00.000","Closed","2025-11-03T00:00:00.000","2025-11-03T00:00:00.000","Illegal Dumping - City Property","Berkeley","CA","37.86372","-122.2654095"
"520482","2025-11-02T00:00:00.000","Closed","2025-11-03T00:00:00.000","2025-11-03T00:00:00.000","Potholes","Berkeley","CA","37.874474097483613","-122.27120145475517"
"520485","2025-11-03T00:00:00.000","Open","2025-11-03T00:00:00.000",,"Miscellaneous - Transportation","Berkeley","CA","37.8642427","-122.2652704"
"520497","2025-11-03T00:00:00.000","Closed","2025-11-03T00:00:00.000","2025-11-03T00:00:00.000","Pressure Washing","Berkeley","CA","37.877328","-122.26932"
"520500","2025-11-03T00:00:00.000","Open","2025-11-03T00:00:00.000",,"Orange Bag Pickup","Berkeley","CA","37.883853","-122.249214"
"520527","2025-11-03T00:00:00.000","Open","2025-11-03T00:00:00.000",,"Street Striping/Marking (Refresh)","Berkeley","CA","37.882323","-122.2483005"
"520530","2025-11-03T00:00:00.000","In Progress","2025-11-03T00:00:00.000",,"Signage or Pavement Marking","Berkeley","CA","37.882323","-122.2483005"
"520588","2025-11-03T00:00:00.000","In Progress","2025-11-03T00:00:00.000",,"Sewer Maintenance","Berkeley","CA","37.881945","-122.2717005"
"520615","2025-11-03T00:00:00.000","Open","2025-11-03T00:00:00.000",,"Miscellaneous - Transportation","Berkeley","CA","37.868886","-122.2668045"
"520685","2025-11-03T00:00:00.000","Closed","2025-11-04T00:00:00.000","2025-11-04T00:00:00.000","Illegal Dumping - City Property","Berkeley","CA","37.864539","-122.2630065"
"520733","2025-11-04T00:00:00.000","Closed","2025-11-04T00:00:00.000","2025-11-04T00:00:00.000","Graffiti Abatement - Streets and Utilities","Berkeley","CA","37.875564","-122.261859"
"520807","2025-11-04T00:00:00.000","Closed","2025-12-08T00:00:00.000","2025-12-08T00:00:00.000","Street Lights - Repair","Berkeley","CA","37.873377","-122.266197"
"520813","2025-11-04T00:00:00.000","Closed","2025-11-05T00:00:00.000","2025-11-05T00:00:00.000","Potholes","Berkeley","CA","37.881248474182364","-122.25662416730782"
"520815","2025-11-04T00:00:00.000","Closed","2025-11-04T00:00:00.000","2025-11-04T00:00:00.000","Abandoned Vehicle - Ready for PD (Parking Enforcement)","Berkeley","CA","37.867356","-122.27292"
"520816","2025-11-04T00:00:00.000","Closed","2025-11-04T00:00:00.000","2025-11-04T00:00:00.000","Abandoned Vehicle - Ready for PD (Parking Enforcement)","Berkeley","CA","37.867491","-122.2729335"
"520872","2025-11-04T00:00:00.000","Closed","2025-12-08T00:00:00.000","2025-12-08T00:00:00.000","Sewer Maintenance","Berkeley","CA","37.866024","-122.258628"
"520897","2025-11-05T00:00:00.000","Closed","2025-11-10T00:00:00.000","2025-11-10T00:00:00.000","Living or Sleeping in Abandoned Vehicle","Berkeley","CA","37.883925","-122.263308"
"520908","2025-11-05T00:00:00.000","Open","2025-11-05T00:00:00.000",,"Noise Complaint","Berkeley","CA","37.8621","-122.2656165"
"520929","2025-11-05T00:00:00.000","Closed","2025-11-05T00:00:00.000","2025-11-05T00:00:00.000","Abandoned Vehicle - Ready for PD (Parking Enforcement)","Berkeley","CA","37.864179","-122.2567875"
"520932","2025-11-05T00:00:00.000","Closed","2025-11-05T00:00:00.000","2025-11-05T00:00:00.000","Miscellaneous","Berkeley","CA","37.870179331543696","-122.2734164335439"
"520935","2025-11-05T00:00:00.000","Closed","2025-11-05T00:00:00.000","2025-11-05T00:00:00.000","Miscellaneous","Berkeley","CA","37.870126348068432","-122.27330592364422"
"520938","2025-11-05T00:00:00.000","Open","2025-11-05T00:00:00.000",,"Miscellaneous - Transportation","Berkeley","CA","37.87929","-122.2688385"
"520943","2025-11-05T00:00:00.000","Closed","2025-11-05T00:00:00.000","2025-11-05T00:00:00.000","Abandoned Vehicle - Ready for PD (Parking Enforcement)","Berkeley","CA","37.864179","-122.2567875"
"520947","2025-11-05T00:00:00.000","Closed","2025-11-05T00:00:00.000","2025-11-05T00:00:00.000","Miscellaneous","Berkeley","CA","37.870187697523207","-122.27333419536619"
"520950","2025-11-05T00:00:00.000","Open","2025-12-10T00:00:00.000",,"Miscellaneous - Engineering","Berkeley","CA","37.879047","-122.2662375"
"520967","2025-11-05T00:00:00.000","Closed","2025-11-05T00:00:00.000","2025-11-05T00:00:00.000","Parking Enforcement - Request for Enforcement","Berkeley","CA","37.866208795118368","-122.2582644091389"
"520973","2025-11-05T00:00:00.000","Closed","2026-01-26T00:00:00.000","2026-01-26T00:00:00.000","Tree Pruning","Berkeley","CA","37.872621","-122.27382"
"520986","2025-11-05T00:00:00.000","Closed","2025-11-05T00:00:00.000","2025-11-05T00:00:00.000","Illegal Dumping - City Property","Berkeley","CA","37.883168913644042","-122.24678555283131"
"521005","2025-11-05T00:00:00.000","Closed","2025-11-13T00:00:00.000","2025-11-13T00:00:00.000","Street Light - New Installations","Berkeley","CA","37.879722","-122.270787"
"521008","2025-11-05T00:00:00.000","Closed","2025-11-12T00:00:00.000","2025-11-12T00:00:00.000","Broken Branch or Tree","Berkeley","CA","37.875402","-122.2711425"
"521016","2025-11-05T00:00:00.000","Closed","2025-11-12T00:00:00.000","2025-11-12T00:00:00.000","Broken Branch or Tree","Berkeley","CA","37.875258","-122.2605"
"521142","2025-11-06T00:00:00.000","Closed","2025-11-11T00:00:00.000","2025-11-11T00:00:00.000","Miscellaneous Service Request","Berkeley","CA","37.870164","-122.2712415"
"521158","2025-11-06T00:00:00.000","Closed","2025-11-07T00:00:00.000","2025-11-07T00:00:00.000","Illegal Dumping - City Property","Berkeley","CA","37.864730453074834","-122.26988570491565"
"521191","2025-11-06T00:00:00.000","Closed","2025-11-06T00:00:00.000","2025-11-06T00:00:00.000","Missed Trash Pickup - Commercial","Berkeley","CA","37.874727","-122.2683525"
"521251","2025-11-06T00:00:00.000","Closed","2025-11-07T00:00:00.000","2025-11-07T00:00:00.000","Potholes","Berkeley","CA","37.883529","-122.273865"
"521252","2025-11-06T00:00:00.000","Closed","2025-11-07T00:00:00.000","2025-11-07T00:00:00.000","Illegal Dumping - City Property","Berkeley","CA","37.879762597897724","-122.27364706566713"
"521264","2025-11-06T00:00:00.000","Closed","2025-11-07T00:00:00.000","2025-11-07T00:00:00.000","Illegal Dumping - City Property","Berkeley","CA","37.863769225977343","-122.26110991603315"
"521281","2025-11-06T00:00:00.000","Closed","2025-11-07T00:00:00.000","2025-11-07T00:00:00.000","Pressure Washing","Berkeley","CA","37.873629","-122.272686"
"521285","2025-11-06T00:00:00.000","Closed","2025-11-07T00:00:00.000","2025-11-07T00:00:00.000","Miscellaneous","Berkeley","CA","37.862424","-122.262246"
"521332","2025-11-07T00:00:00.000","Closed","2025-11-17T00:00:00.000","2025-11-17T00:00:00.000","Broken Branch or Tree","Berkeley","CA","37.862271","-122.260446"
"521333","2025-11-07T00:00:00.000","Closed","2025-11-10T00:00:00.000","2025-11-10T00:00:00.000","Tree Pruning","Berkeley","CA","37.865691","-122.2591095"
"521364","2025-11-07T00:00:00.000","Closed","2025-11-07T00:00:00.000","2025-11-07T00:00:00.000","Illegal Dumping - City Property","Berkeley","CA","37.867779","-122.2618455"
"521420","2025-11-07T00:00:00.000","Closed","2025-11-09T00:00:00.000","2025-11-09T00:00:00.000","Public Litter Can Repair","Berkeley","CA","37.868288805602553","-122.26607832576622"
"521483","2025-11-08T00:00:00.000","Open","2025-11-10T00:00:00.000",,"Noise Complaint","Berkeley","CA","37.870715775202456","-122.26527848287402"
"521487","2025-11-08T00:00:00.000","Closed","2025-11-10T00:00:00.000","2025-11-10T00:00:00.000","Illegal Dumping - City Property","Berkeley","CA","37.864341","-122.251743"
"521493","2025-11-09T00:00:00.000","In Progress","2025-11-10T00:00:00.000",,"Miscellaneous Service Request","Berkeley","CA","37.868706","-122.2591635"
"521498","2025-11-09T00:00:00.000","Closed","2025-11-10T00:00:00.000","2025-11-10T00:00:00.000","Parking Enforcement - Request for Enforcement","Berkeley","CA","37.865718910297879","-122.26058885492093"
"521505","2025-11-09T00:00:00.000","Closed","2025-11-12T00:00:00.000","2025-11-12T00:00:00.000","Graffiti Abatement - Streets and Utilities","Berkeley","CA","37.866607972437066","-122.26072382314645"
"521513","2025-11-10T00:00:00.000","Closed","2025-11-13T00:00:00.000","2025-11-13T00:00:00.000","Potholes","Berkeley","CA","37.874329250073409","-122.26871613349724"
"521515","2025-11-10T00:00:00.000","In Progress","2025-11-10T00:00:00.000",,"Miscellaneous - Transportation","Berkeley","CA","37.876014","-122.273514"
"521531","2025-11-10T00:00:00.000","Closed","2025-11-10T00:00:00.000","2025-11-10T00:00:00.000","Abandoned Vehicle - Ready for PD (Parking Enforcement)","Berkeley","CA","37.865775381662807","-122.26070300337322"
"521553","2025-11-10T00:00:00.000","Closed","2026-02-18T00:00:00.000","2026-02-18T00:00:00.000","Tree Planting","Berkeley","CA","37.862928","-122.2633935"
"521655","2025-11-10T00:00:00.000","Closed","2025-11-12T00:00:00.000","2025-11-12T00:00:00.000","Tree Health Concerns - Insects and Disease","Berkeley","CA","37.862235","-122.2617195"
"521656","2025-11-10T00:00:00.000","Closed","2025-11-10T00:00:00.000","2025-11-10T00:00:00.000","Abandoned Vehicle - Ready for PD (Parking Enforcement)","Berkeley","CA","37.867491","-122.2729335"
"521680","2025-11-10T00:00:00.000","Closed","2025-11-18T00:00:00.000","2025-11-18T00:00:00.000","Tree Pruning","Berkeley","CA","37.862271","-122.260446"
"521686","2025-11-10T00:00:00.000","Closed","2025-11-13T00:00:00.000","2025-11-13T00:00:00.000","Tree Pruning","Berkeley","CA","37.866222","-122.2653825"
"521757","2025-11-10T00:00:00.000","Closed","2025-11-12T00:00:00.000","2025-11-12T00:00:00.000","Noise Complaint","Berkeley","CA","37.86388633261938","-122.25351823000682"
"521758","2025-11-10T00:00:00.000","Open","2025-11-12T00:00:00.000",,"Sign Repair and Reinstallation","Berkeley","CA","37.881772903842922","-122.2580604981823"
"521767","2025-11-11T00:00:00.000","Closed","2025-11-12T00:00:00.000","2025-11-12T00:00:00.000","Miscellaneous","Berkeley","CA","37.873990549586","-122.26790019935351"
"521799","2025-11-11T00:00:00.000","Open","2025-11-12T00:00:00.000",,"Miscellaneous - Engineering","Berkeley","CA","37.865952099196114","-122.25629791617394"
"521826","2025-11-12T00:00:00.000","Closed","2025-11-12T00:00:00.000","2025-11-12T00:00:00.000","Illegal Dumping - City Property","Berkeley","CA","37.87308","-122.268798"
"521847","2025-11-12T00:00:00.000","Open","2025-11-12T00:00:00.000",,"Graffiti Abatement - Traffic Maintenance","Berkeley","CA","37.880964","-122.2636725"
"521875","2025-11-12T00:00:00.000","Open","2025-11-12T00:00:00.000",,"Noise Complaint","Berkeley","CA","37.863657","-122.2698105"
"521876","2025-11-12T00:00:00.000","Closed","2026-07-13T00:00:00.000","2026-07-13T00:00:00.000","Irrigation System","Berkeley","CA","37.869057","-122.2704495"
"521911","2025-11-12T00:00:00.000","Closed","2025-11-12T00:00:00.000","2025-11-12T00:00:00.000","Forestry Miscellaneous","Berkeley","CA","37.877301","-122.272821"
"521946","2025-11-12T00:00:00.000","Closed","2025-11-12T00:00:00.000","2025-11-12T00:00:00.000","Illegal Dumping - City Property","Berkeley","CA","37.883235081403676","-122.27367626712828"
"521949","2025-11-12T00:00:00.000","Closed","2025-11-12T00:00:00.000","2025-11-12T00:00:00.000","Illegal Dumping - City Property","Berkeley","CA","37.883527700652344","-122.27309134177997"
"521965","2025-11-12T00:00:00.000","Closed","2025-11-12T00:00:00.000","2025-11-12T00:00:00.000","Illegal Dumping - City Property","Berkeley","CA","37.883773981556217","-122.26501979447437"
"521966","2025-11-12T00:00:00.000","Closed","2025-11-12T00:00:00.000","2025-11-12T00:00:00.000","Illegal Dumping - City Property","Berkeley","CA","37.883414780259322","-122.26501843023081"
"521989","2025-11-12T00:00:00.000","Closed","2025-11-13T00:00:00.000","2025-11-13T00:00:00.000","Illegal Dumping - City Property","Berkeley","CA","37.879829076799147","-122.27143329682058"
"521992","2025-11-12T00:00:00.000","Closed","2025-11-13T00:00:00.000","2025-11-13T00:00:00.000","Illegal Dumping - City Property","Berkeley","CA","37.879940551731913","-122.27259954981271"
"522050","2025-11-12T00:00:00.000","Closed","2025-11-13T00:00:00.000","2025-11-13T00:00:00.000","Illegal Dumping - City Property","Berkeley","CA","37.864332","-122.252967"
"522088","2025-11-12T00:00:00.000","Open","2025-11-12T00:00:00.000",,"Street Lights - Repair","Berkeley","CA","37.866123","-122.255955"
"522090","2025-11-12T00:00:00.000","Closed","2025-11-13T00:00:00.000","2025-11-13T00:00:00.000","Miscellaneous","Berkeley","CA","37.869156","-122.268501"
"522096","2025-11-13T00:00:00.000","Closed","2025-11-13T00:00:00.000","2025-11-13T00:00:00.000","Storm Drain Problem/Maintenance","Berkeley","CA","37.874799","-122.2686945"
"522140","2025-11-13T00:00:00.000","Closed","2025-12-11T00:00:00.000","2025-12-11T00:00:00.000","Unknown Water","Berkeley","CA","37.8723074","-122.2687092"
"522190","2025-11-13T00:00:00.000","Closed","2025-11-14T00:00:00.000","2025-11-14T00:00:00.000","Storm Drain Problem/Maintenance","Berkeley","CA","37.880001","-122.2683525"
"522207","2025-11-13T00:00:00.000","Closed","2025-11-13T00:00:00.000","2025-11-13T00:00:00.000","Missed Trash Pickup - Residential","Berkeley","CA","37.883334100754389","-122.27364033068848"
"522215","2025-11-13T00:00:00.000","Closed","2026-03-24T00:00:00.000","2026-03-24T00:00:00.000","Blue or Red Zone Install","Berkeley","CA","37.881801","-122.2680375"
"522218","2025-11-13T00:00:00.000","Closed","2025-11-13T00:00:00.000","2025-11-13T00:00:00.000","Tree Pruning","Berkeley","CA","37.880865","-122.2661475"
"522268","2025-11-13T00:00:00.000","Closed","2025-12-03T00:00:00.000","2025-12-03T00:00:00.000","Tree Pruning","Berkeley","CA","37.881855","-122.258097"
"522343","2025-11-13T00:00:00.000","Open","2025-11-14T00:00:00.000",,"Encampment Complaint","Berkeley","CA","37.863897460705","-122.260461884509"
"522346","2025-11-13T00:00:00.000","Open","2025-11-14T00:00:00.000",,"Noise Complaint","Berkeley","CA","37.877931","-122.2671195"
"522350","2025-11-14T00:00:00.000","Closed","2025-11-17T00:00:00.000","2025-11-17T00:00:00.000","Storm Drain Problem/Maintenance","Berkeley","CA","37.87245","-122.273091"
"522367","2025-11-14T00:00:00.000","Closed","2025-11-14T00:00:00.000","2025-11-14T00:00:00.000","Storm Drain Problem/Maintenance","Berkeley","CA","37.879929","-122.2716555"
"522370","2025-11-14T00:00:00.000","Closed","2025-11-17T00:00:00.000","2025-11-17T00:00:00.000","Parking Meter Repair","Berkeley","CA","37.865133","-122.2584255"
"522371","2025-11-14T00:00:00.000","Closed","2025-11-17T00:00:00.000","2025-11-17T00:00:00.000","Storm Drain Problem/Maintenance","Berkeley","CA","37.869498","-122.249457"
"522377","2025-11-14T00:00:00.000","Closed","2025-11-17T00:00:00.000","2025-11-17T00:00:00.000","Potholes","Berkeley","CA","37.877031639258","-122.262603332035"
"522391","2025-11-14T00:00:00.000","Closed","2025-11-18T00:00:00.000","2025-11-18T00:00:00.000","Tree Pruning","Berkeley","CA","37.862271","-122.260446"
"522407","2025-11-14T00:00:00.000","Closed","2025-11-17T00:00:00.000","2025-11-17T00:00:00.000","Potholes","Berkeley","CA","37.877085","-122.266359"
"522419","2025-11-14T00:00:00.000","Closed","2025-12-09T00:00:00.000","2025-12-09T00:00:00.000","Sinkholes","Berkeley","CA","37.877085","-122.266359"
"522453","2025-11-14T00:00:00.000","Closed","2025-11-14T00:00:00.000","2025-11-14T00:00:00.000","Pressure Washing","Berkeley","CA","37.870435294537","-122.267523080782"
"522481","2025-11-14T00:00:00.000","Closed","2025-11-19T00:00:00.000","2025-11-19T00:00:00.000","Broken Branch or Tree","Berkeley","CA","37.868607","-122.272974"
"522486","2025-11-14T00:00:00.000","Closed","2025-11-21T00:00:00.000","2025-11-21T00:00:00.000","Sewer Maintenance","Berkeley","CA","37.868805","-122.270895"
"522498","2025-11-14T00:00:00.000","Closed","2025-11-17T00:00:00.000","2025-11-17T00:00:00.000","Sinkholes","Berkeley","CA","37.876847980556","-122.266586814018"
"522500","2025-11-14T00:00:00.000","Closed","2025-12-11T00:00:00.000","2025-12-11T00:00:00.000","Unknown Water","Berkeley","CA","37.863081","-122.2723845"
"522529","2025-11-14T00:00:00.000","Closed","2025-11-16T00:00:00.000","2025-11-16T00:00:00.000","Illegal Dumping - City Property","Berkeley","CA","37.867490892153995","-122.26164372369327"
"522561","2025-11-14T00:00:00.000","Closed","2025-11-14T00:00:00.000","2025-11-14T00:00:00.000","Missed Trash Pickup - Residential","Berkeley","CA","37.868634","-122.2536105"
"522578","2025-11-14T00:00:00.000","Open","2025-11-17T00:00:00.000",,"Noise Complaint","Berkeley","CA","37.873206","-122.2698465"
"522587","2025-11-15T00:00:00.000","Closed","2025-11-17T00:00:00.000","2025-11-17T00:00:00.000","Illegal Dumping - City Property","Berkeley","CA","37.877665617693452","-122.27146122419188"
"522588","2025-11-15T00:00:00.000","Closed","2025-11-17T00:00:00.000","2025-11-17T00:00:00.000","Illegal Dumping - City Property","Berkeley","CA","37.880928","-122.267943"
"522589","2025-11-15T00:00:00.000","Closed","2025-11-17T00:00:00.000","2025-11-17T00:00:00.000","Illegal Dumping - City Property","Berkeley","CA","37.863486","-122.2619715"
"522590","2025-11-15T00:00:00.000","Closed","2025-11-17T00:00:00.000","2025-11-17T00:00:00.000","Illegal Dumping - City Property","Berkeley","CA","37.8760664858008","-122.27384615949761"
"522591","2025-11-15T00:00:00.000","Closed","2025-11-17T00:00:00.000","2025-11-17T00:00:00.000","Illegal Dumping - City Property","Berkeley","CA","37.872886494837665","-122.2718236776164"
"522593","2025-11-15T00:00:00.000","Open","2025-11-17T00:00:00.000",,"Noise Complaint","Berkeley","CA","37.866426639283","-122.255996066196"
"522604","2025-11-16T00:00:00.000","Closed","2025-11-19T00:00:00.000","2025-11-19T00:00:00.000","Broken Branch or Tree","Berkeley","CA","37.87695","-122.2605225"
"522605","2025-11-16T00:00:00.000","Closed","2025-11-17T00:00:00.000","2025-11-17T00:00:00.000","Illegal Dumping - City Property","Berkeley","CA","37.862867441147259","-122.2704876409381"
"522609","2025-11-16T00:00:00.000","Closed","2026-02-02T00:00:00.000","2026-02-02T00:00:00.000","Miscellaneous - Transportation","Berkeley","CA","37.869849","-122.26644"
"522646","2025-11-17T00:00:00.000","Closed","2025-11-17T00:00:00.000","2025-11-17T00:00:00.000","Storm Drain Problem/Maintenance","Berkeley","CA","37.877571","-122.2643115"
"522647","2025-11-17T00:00:00.000","Closed","2025-11-17T00:00:00.000","2025-11-17T00:00:00.000","Missed Trash Pickup - Commercial","Berkeley","CA","37.871109","-122.2670745"
"522648","2025-11-17T00:00:00.000","Closed","2025-11-17T00:00:00.000","2025-11-17T00:00:00.000","Storm Drain Problem/Maintenance","Berkeley","CA","37.877535","-122.262714"
"522650","2025-11-17T00:00:00.000","Closed","2025-11-18T00:00:00.000","2025-11-18T00:00:00.000","Mechanical Street Sweeping","Berkeley","CA","37.877571","-122.2643115"
"522729","2025-11-17T00:00:00.000","Closed","2025-11-17T00:00:00.000","2025-11-17T00:00:00.000","Missed Trash Pickup - Commercial","Berkeley","CA","37.868859","-122.267196"
"522737","2025-11-17T00:00:00.000","Open","2025-11-17T00:00:00.000",,"TNC AR10.2","Berkeley","CA","37.867221","-122.2635555"
"522740","2025-11-17T00:00:00.000","Closed","2025-11-18T00:00:00.000","2025-11-18T00:00:00.000","Pressure Washing","Berkeley","CA","37.881891","-122.2695945"
"522806","2025-11-17T00:00:00.000","Closed","2025-11-18T00:00:00.000","2025-11-18T00:00:00.000","Illegal Dumping - City Property","Berkeley","CA","37.864683","-122.2635825"
"522811","2025-11-17T00:00:00.000","Closed","2025-11-18T00:00:00.000","2025-11-18T00:00:00.000","Illegal Dumping - City Property","Berkeley","CA","37.863729","-122.2713045"
"522848","2025-11-18T00:00:00.000","Closed","2025-11-19T00:00:00.000","2025-11-19T00:00:00.000","Broken Branch or Tree","Berkeley","CA","37.87695","-122.2605225"
"522856","2025-11-18T00:00:00.000","Closed","2025-11-18T00:00:00.000","2025-11-18T00:00:00.000","Illegal Dumping - City Property","Berkeley","CA","37.864683","-122.2635825"
"522879","2025-11-18T00:00:00.000","In Progress","2025-11-18T00:00:00.000",,"Sewer Maintenance","Berkeley","CA","37.877706","-122.2593525"
"522883","2025-11-18T00:00:00.000","Closed","2025-11-18T00:00:00.000","2025-11-18T00:00:00.000","Miscellaneous","Berkeley","CA","37.86849034063","-122.249333882846"
"522944","2025-11-18T00:00:00.000","Closed","2025-11-18T00:00:00.000","2025-11-18T00:00:00.000","Miscellaneous","Berkeley","CA","37.868726591226832","-122.24938652204105"
"522964","2025-11-18T00:00:00.000","Closed","2026-04-06T00:00:00.000","2026-04-06T00:00:00.000","Facilities Electrical","Berkeley","CA","37.870056","-122.2732215"
"522968","2025-11-18T00:00:00.000","Closed","2025-11-18T00:00:00.000","2025-11-18T00:00:00.000","Parking Enforcement - Request for Enforcement","Berkeley","CA","37.869457110080909","-122.25419105831861"
"523017","2025-11-18T00:00:00.000","Open","2025-11-18T00:00:00.000",,"Street Lights - Repair","Berkeley","CA","37.866321","-122.25636"
"523026","2025-11-19T00:00:00.000","In Progress","2025-11-19T00:00:00.000",,"Noise Complaint","Berkeley","CA","37.868544","-122.25888"
"523027","2025-11-19T00:00:00.000","Closed","2025-11-26T00:00:00.000","2025-11-26T00:00:00.000","Tree Removal","Berkeley","CA","37.864593","-122.2555095"
"523030","2025-11-19T00:00:00.000","Closed","2025-11-19T00:00:00.000","2025-11-19T00:00:00.000","Graffiti Abatement - Streets and Utilities","Berkeley","CA","37.880514","-122.267079"
"523031","2025-11-19T00:00:00.000","Closed","2025-11-19T00:00:00.000","2025-11-19T00:00:00.000","Graffiti Abatement - Streets and Utilities","Berkeley","CA","37.880514","-122.267079"
"523042","2025-11-19T00:00:00.000","Open","2025-11-19T00:00:00.000",,"Graffiti Abatement - Traffic Maintenance","Berkeley","CA","37.880964","-122.2636725"
"523076","2025-11-19T00:00:00.000","Closed","2025-11-19T00:00:00.000","2025-11-19T00:00:00.000","Miscellaneous","Berkeley","CA","37.87524","-122.2702155"
"523084","2025-11-19T00:00:00.000","Closed","2025-11-21T00:00:00.000","2025-11-21T00:00:00.000","Graffiti Abatement - Streets and Utilities","Berkeley","CA","37.865142","-122.2654545"
"523087","2025-11-19T00:00:00.000","Open","2025-11-19T00:00:00.000",,"Miscellaneous - Engineering","Berkeley","CA","37.869399","-122.2679475"
"523114","2025-11-19T00:00:00.000","Closed","2025-11-20T00:00:00.000","2025-11-20T00:00:00.000","Illegal Dumping - City Property","Berkeley","CA","37.880075544239396","-122.26962393001936"
"523118","2025-11-19T00:00:00.000","Closed","2025-11-20T00:00:00.000","2025-11-20T00:00:00.000","Illegal Dumping - City Property","Berkeley","CA","37.883393863724578","-122.26838446007481"
"523120","2025-11-19T00:00:00.000","Closed","2025-11-20T00:00:00.000","2025-11-20T00:00:00.000","Illegal Dumping - City Property","Berkeley","CA","37.882897987178488","-122.26830789865146"
"523125","2025-11-19T00:00:00.000","Closed","2025-11-20T00:00:00.000","2025-11-20T00:00:00.000","Illegal Dumping - City Property","Berkeley","CA","37.877307341422444","-122.27005375614803"
"523162","2025-11-19T00:00:00.000","Closed","2025-11-21T00:00:00.000","2025-11-21T00:00:00.000","Encampment Complaint","Berkeley","CA","37.862063606602383","-122.25994055207134"
"523164","2025-11-20T00:00:00.000","Closed","2025-11-20T00:00:00.000","2025-11-20T00:00:00.000","Miscellaneous","Berkeley","CA","37.864629","-122.264442"
"523167","2025-11-20T00:00:00.000","Closed","2025-12-09T00:00:00.000","2025-12-09T00:00:00.000","Tree Removal","Berkeley","CA","37.864593","-122.2555095"
"523186","2025-11-20T00:00:00.000","Closed","2025-11-21T00:00:00.000","2025-11-21T00:00:00.000","Sewer Maintenance","Berkeley","CA","37.879011","-122.2599825"
"523218","2025-11-20T00:00:00.000","Closed","2025-11-25T00:00:00.000","2025-11-25T00:00:00.000","Parking Meter Repair","Berkeley","CA","37.86849","-122.26788"
"523250","2025-11-20T00:00:00.000","Closed","2025-12-04T00:00:00.000","2025-12-04T00:00:00.000","Miscellaneous - Transportation","Berkeley","CA","37.872981","-122.2684875"
"523256","2025-11-20T00:00:00.000","In Progress","2025-11-20T00:00:00.000",,"Miscellaneous Service Request","Berkeley","CA","37.862388","-122.270238"
"523280","2025-11-20T00:00:00.000","In Progress","2025-11-21T00:00:00.000",,"Noise Complaint","Berkeley","CA","37.866834","-122.268834"
"523299","2025-11-21T00:00:00.000","Closed","2025-11-21T00:00:00.000","2025-11-21T00:00:00.000","Graffiti Abatement - Streets and Utilities","Berkeley","CA","37.866618","-122.2540875"
"523430","2025-11-21T00:00:00.000","In Progress","2025-11-25T00:00:00.000",,"Miscellaneous - Transportation","Berkeley","CA","37.876608","-122.2689105"
"523438","2025-11-21T00:00:00.000","Closed","2025-11-21T00:00:00.000","2025-11-21T00:00:00.000","Abandoned Vehicle - Ready for PD (Parking Enforcement)","Berkeley","CA","37.874113292659871","-122.26762179221916"
"523447","2025-11-21T00:00:00.000","Closed","2025-12-12T00:00:00.000","2025-12-12T00:00:00.000","Street Lights - Repair","Berkeley","CA","37.868309848243925","-122.26854084282226"
"523484","2025-11-23T00:00:00.000","Closed","2025-12-17T00:00:00.000","2025-12-17T00:00:00.000","Street Lights - Repair","Berkeley","CA","37.881306","-122.2738515"
"523487","2025-11-23T00:00:00.000","Closed","2025-11-24T00:00:00.000","2025-11-24T00:00:00.000","Abandoned Vehicle - Ready for PD (Parking Enforcement)","Berkeley","CA","37.867905","-122.253048"
"523489","2025-11-23T00:00:00.000","Closed","2025-11-24T00:00:00.000","2025-11-24T00:00:00.000","Illegal Dumping - City Property","Berkeley","CA","37.863470834392118","-122.26497860973032"
"523492","2025-11-23T00:00:00.000","Closed","2025-11-24T00:00:00.000","2025-11-24T00:00:00.000","Illegal Dumping - City Property","Berkeley","CA","37.863919347137944","-122.26514706622596"
"523494","2025-11-23T00:00:00.000","Closed","2025-11-24T00:00:00.000","2025-11-24T00:00:00.000","Illegal Dumping - City Property","Berkeley","CA","37.864593","-122.2555095"
"523496","2025-11-23T00:00:00.000","Closed","2025-11-25T00:00:00.000","2025-11-25T00:00:00.000","Litter Pickup - Parks","Berkeley","CA","37.869372","-122.2716105"
"523510","2025-11-24T00:00:00.000","Closed","2025-11-25T00:00:00.000","2025-11-25T00:00:00.000","Parking Meter Repair","Berkeley","CA","37.862163","-122.2671645"
"523523","2025-11-24T00:00:00.000","Closed","2025-12-04T00:00:00.000","2025-12-04T00:00:00.000","Miscellaneous - Transportation","Berkeley","CA","37.872981","-122.2684875"
"523526","2025-11-24T00:00:00.000","Closed","2025-11-24T00:00:00.000","2025-11-24T00:00:00.000","Abandoned Vehicle - Ready for PD (Parking Enforcement)","Berkeley","CA","37.867356","-122.27292"
"523549","2025-11-24T00:00:00.000","Closed","2025-11-24T00:00:00.000","2025-11-24T00:00:00.000","Abandoned Vehicle - Ready for PD (Parking Enforcement)","Berkeley","CA","37.869057","-122.253615"
"523635","2025-11-24T00:00:00.000","Closed","2026-02-05T00:00:00.000","2026-02-05T00:00:00.000","Tree Pruning","Berkeley","CA","37.881423","-122.2731855"
"523672","2025-11-24T00:00:00.000","Closed","2025-12-01T00:00:00.000","2025-12-01T00:00:00.000","Potholes","Berkeley","CA","37.868787","-122.2682535"
"523692","2025-11-24T00:00:00.000","Closed","2025-11-25T00:00:00.000","2025-11-25T00:00:00.000","Illegal Dumping - City Property","Berkeley","CA","37.870182","-122.2496775"
"523694","2025-11-24T00:00:00.000","Closed","2025-12-01T00:00:00.000","2025-12-01T00:00:00.000","Potholes","Berkeley","CA","37.875858908736987","-122.25693732687306"
"523696","2025-11-25T00:00:00.000","Closed","2025-11-29T00:00:00.000","2025-11-29T00:00:00.000","Illegal Dumping - City Property","Berkeley","CA","37.866753","-122.262084"
"523698","2025-11-25T00:00:00.000","Closed","2025-12-04T00:00:00.000","2025-12-04T00:00:00.000","Broken Branch or Tree","Berkeley","CA","37.864539","-122.2630065"
"523707","2025-11-25T00:00:00.000","Open","2025-11-25T00:00:00.000",,"Encampment Complaint","Berkeley","CA","37.865421","-122.253318"
"523709","2025-11-25T00:00:00.000","In Progress","2026-03-19T00:00:00.000",,"Encampment Complaint","Berkeley","CA","37.865421","-122.253318"
"523754","2025-11-25T00:00:00.000","Closed","2025-11-25T00:00:00.000","2025-11-25T00:00:00.000","Pressure Washing","Berkeley","CA","37.865151","-122.2671105"
"523776","2025-11-25T00:00:00.000","Closed","2025-11-26T00:00:00.000","2025-11-26T00:00:00.000","Illegal Dumping - City Property","Berkeley","CA","37.879707400161585","-122.27369521386254"
"523777","2025-11-25T00:00:00.000","Closed","2025-11-29T00:00:00.000","2025-11-29T00:00:00.000","Illegal Dumping - City Property","Berkeley","CA","37.879850406276319","-122.27344198245829"
"523778","2025-11-25T00:00:00.000","Closed","2025-11-29T00:00:00.000","2025-11-29T00:00:00.000","Illegal Dumping - City Property","Berkeley","CA","37.87987002587397","-122.27303897706912"
"523785","2025-11-25T00:00:00.000","Closed","2025-12-01T00:00:00.000","2025-12-01T00:00:00.000","Pressure Washing","Berkeley","CA","37.865151","-122.2671105"
"523786","2025-11-25T00:00:00.000","Closed","2025-11-26T00:00:00.000","2025-11-26T00:00:00.000","Illegal Dumping - City Property","Berkeley","CA","37.88199158200468","-122.26707130627553"
"523787","2025-11-25T00:00:00.000","Closed","2025-11-26T00:00:00.000","2025-11-26T00:00:00.000","Illegal Dumping - City Property","Berkeley","CA","37.880758857626347","-122.26628914784759"
"523790","2025-11-25T00:00:00.000","Closed","2025-11-25T00:00:00.000","2025-11-25T00:00:00.000","Illegal Dumping","Berkeley","CA","37.881204941889528","-122.26621409977224"
"523791","2025-11-25T00:00:00.000","Closed","2025-11-26T00:00:00.000","2025-11-26T00:00:00.000","Illegal Dumping - City Property","Berkeley","CA","37.881204941889528","-122.26621409977224"
"523792","2025-11-25T00:00:00.000","Closed","2025-11-26T00:00:00.000","2025-11-26T00:00:00.000","Illegal Dumping - City Property","Berkeley","CA","37.882929389013889","-122.26633282189042"
"523802","2025-11-25T00:00:00.000","Closed","2025-11-26T00:00:00.000","2025-11-26T00:00:00.000","Illegal Dumping - City Property","Berkeley","CA","37.882257860664382","-122.26176698682652"
"523811","2025-11-25T00:00:00.000","Closed","2025-11-26T00:00:00.000","2025-11-26T00:00:00.000","Illegal Dumping - City Property","Berkeley","CA","37.8801325148715","-122.26968194082859"
"523812","2025-11-25T00:00:00.000","Closed","2025-11-26T00:00:00.000","2025-11-26T00:00:00.000","Illegal Dumping - City Property","Berkeley","CA","37.879810439004174","-122.27197092062696"
"523834","2025-11-25T00:00:00.000","Closed","2025-11-26T00:00:00.000","2025-11-26T00:00:00.000","Pressure Washing","Berkeley","CA","37.868508","-122.269482"
"523892","2025-11-26T00:00:00.000","Closed","2025-12-03T00:00:00.000","2025-12-03T00:00:00.000","Tree Pruning","Berkeley","CA","37.883304","-122.258997"
"523986","2025-11-26T00:00:00.000","Closed","2025-11-26T00:00:00.000","2025-11-26T00:00:00.000","Miscellaneous Service Request","Berkeley","CA","37.871073","-122.2708005"
"523994","2025-11-26T00:00:00.000","Closed","2025-11-28T00:00:00.000","2025-11-28T00:00:00.000","Parking Meter Repair","Berkeley","CA","37.871653241652","-122.270780341462"
"524006","2025-11-26T00:00:00.000","Open","2025-11-26T00:00:00.000",,"Noise Complaint","Berkeley","CA","37.87884","-122.2698105"
"524018","2025-11-26T00:00:00.000","Closed","2025-12-09T00:00:00.000","2025-12-09T00:00:00.000","Broken Branch or Tree","Berkeley","CA","37.88271","-122.2535205"
"524048","2025-11-26T00:00:00.000","Open","2025-12-01T00:00:00.000",,"Noise Complaint","Berkeley","CA","37.862271","-122.260446"
"524059","2025-11-27T00:00:00.000","Closed","2025-12-01T00:00:00.000","2025-12-01T00:00:00.000","Illegal Dumping - City Property","Berkeley","CA","37.863946747392909","-122.26055189226517"
"524065","2025-11-27T00:00:00.000","Closed","2025-12-01T00:00:00.000","2025-12-01T00:00:00.000","Illegal Dumping - City Property","Berkeley","CA","37.866141","-122.250771"
"524069","2025-11-28T00:00:00.000","Closed","2025-12-01T00:00:00.000","2025-12-01T00:00:00.000","Pressure Washing","Berkeley","CA","37.877697","-122.269284"
"524073","2025-11-28T00:00:00.000","Closed","2025-12-02T00:00:00.000","2025-12-02T00:00:00.000","Parking Enforcement - Request for Enforcement","Berkeley","CA","37.880199","-122.2708815"
"524076","2025-11-28T00:00:00.000","Closed","2025-12-01T00:00:00.000","2025-12-01T00:00:00.000","Miscellaneous","Berkeley","CA","37.862836417084331","-122.25891389946756"
"524080","2025-11-28T00:00:00.000","Closed","2025-12-01T00:00:00.000","2025-12-01T00:00:00.000","Missed Trash Pickup - Commercial","Berkeley","CA","37.86624","-122.2672005"
"524081","2025-11-28T00:00:00.000","Closed","2025-12-01T00:00:00.000","2025-12-01T00:00:00.000","Abandoned Vehicle - Ready for PD (Parking Enforcement)","Berkeley","CA","37.87893","-122.2640685"
"524088","2025-11-28T00:00:00.000","Closed","2025-12-01T00:00:00.000","2025-12-01T00:00:00.000","Illegal Dumping - City Property","Berkeley","CA","37.879124641905811","-122.27048044467635"
"524115","2025-11-29T00:00:00.000","Closed","2025-12-02T00:00:00.000","2025-12-02T00:00:00.000","Illegal Dumping - City Property","Berkeley","CA","37.8792988963554","-122.27161619497788"
"524125","2025-11-30T00:00:00.000","In Progress","2025-12-01T00:00:00.000",,"Miscellaneous - Transportation","Berkeley","CA","37.871983317477131","-122.26619179498773"
"524147","2025-11-30T00:00:00.000","Closed","2025-12-01T00:00:00.000","2025-12-01T00:00:00.000","Illegal Dumping - City Property","Berkeley","CA","37.862325","-122.2643565"
"524162","2025-12-01T00:00:00.000","Open","2025-12-01T00:00:00.000",,"Vegetation Violation Notice","Berkeley","CA","37.878282","-122.271732"
"524184","2025-12-01T00:00:00.000","Closed","2025-12-05T00:00:00.000","2025-12-05T00:00:00.000","Sewer Maintenance","Berkeley","CA","37.876266","-122.2733565"
"524199","2025-12-01T00:00:00.000","Closed","2025-12-05T00:00:00.000","2025-12-05T00:00:00.000","Sewer Maintenance","Berkeley","CA","37.879011","-122.2599825"
"524221","2025-12-01T00:00:00.000","Closed","2025-12-01T00:00:00.000","2025-12-01T00:00:00.000","Abandoned Vehicle - Ready for PD (Parking Enforcement)","Berkeley","CA","37.868427","-122.2715295"
"524268","2025-12-01T00:00:00.000","Closed","2025-12-02T00:00:00.000","2025-12-02T00:00:00.000","Illegal Dumping - City Property","Berkeley","CA","37.879709211296543","-122.27217436960795"
"524270","2025-12-01T00:00:00.000","Closed","2025-12-02T00:00:00.000","2025-12-02T00:00:00.000","Illegal Dumping - City Property","Berkeley","CA","37.879869438580371","-122.27102896826087"
"524272","2025-12-01T00:00:00.000","Closed","2025-12-02T00:00:00.000","2025-12-02T00:00:00.000","Illegal Dumping - City Property","Berkeley","CA","37.880064746039338","-122.26985792318678"
"524281","2025-12-01T00:00:00.000","Open","2025-12-01T00:00:00.000",,"Noise Complaint","Berkeley","CA","37.86647323097543","-122.25616349254258"
"524291","2025-12-01T00:00:00.000","Closed","2025-12-02T00:00:00.000","2025-12-02T00:00:00.000","Illegal Dumping - City Property","Berkeley","CA","37.880217895448048","-122.27067344811793"
"524337","2025-12-01T00:00:00.000","Closed","2025-12-02T00:00:00.000","2025-12-02T00:00:00.000","Potholes","Berkeley","CA","37.876934997368","-122.27369666503"
"524368","2025-12-01T00:00:00.000","Closed","2025-12-03T00:00:00.000","2025-12-03T00:00:00.000","Illegal Dumping - City Property","Berkeley","CA","37.87551910354324","-122.26018221689866"
"524373","2025-12-01T00:00:00.000","Closed","2025-12-03T00:00:00.000","2025-12-03T00:00:00.000","Illegal Dumping - City Property","Berkeley","CA","37.874637","-122.2720065"
"524382","2025-12-01T00:00:00.000","Closed","2025-12-08T00:00:00.000","2025-12-08T00:00:00.000","Facilities Electrical","Berkeley","CA","37.870083","-122.2718535"
"524401","2025-12-01T00:00:00.000","Closed","2026-02-09T00:00:00.000","2026-02-09T00:00:00.000","Parking Meter Repair","Berkeley","CA","37.877626176108","-122.269100337359"
"524402","2025-12-01T00:00:00.000","Closed","2025-12-09T00:00:00.000","2025-12-09T00:00:00.000","Storm Drain Problem/Maintenance","Berkeley","CA","37.862699777800572","-122.26263765608367"
"524431","2025-12-01T00:00:00.000","Closed","2025-12-02T00:00:00.000","2025-12-02T00:00:00.000","Parking Enforcement - Request for Enforcement","Berkeley","CA","37.86791375900409","-122.25819863533631"
"524432","2025-12-01T00:00:00.000","Closed","2025-12-03T00:00:00.000","2025-12-03T00:00:00.000","Illegal Dumping - City Property","Berkeley","CA","37.866222","-122.2653825"
"524433","2025-12-01T00:00:00.000","Closed","2025-12-02T00:00:00.000","2025-12-02T00:00:00.000","Illegal Dumping - City Property","Berkeley","CA","37.866042","-122.2641765"
"524437","2025-12-02T00:00:00.000","Closed","2025-12-03T00:00:00.000","2025-12-03T00:00:00.000","Illegal Dumping - City Property","Berkeley","CA","37.864557","-122.2699185"
"524445","2025-12-02T00:00:00.000","Closed","2025-12-02T00:00:00.000","2025-12-02T00:00:00.000","Forestry Miscellaneous","Berkeley","CA","37.86876","-122.24853"
"524460","2025-12-02T00:00:00.000","Closed","2025-12-02T00:00:00.000","2025-12-02T00:00:00.000","Abandoned Vehicle - Ready for PD (Parking Enforcement)","Berkeley","CA","37.868427","-122.2715295"
"524519","2025-12-02T00:00:00.000","Closed","2025-12-07T00:00:00.000","2025-12-07T00:00:00.000","Illegal Dumping - City Property","Berkeley","CA","37.881408532513561","-122.27378680518218"
"524521","2025-12-02T00:00:00.000","Closed","2025-12-03T00:00:00.000","2025-12-03T00:00:00.000","Illegal Dumping - City Property","Berkeley","CA","37.881451403867544","-122.27313567185242"
"524537","2025-12-02T00:00:00.000","Closed","2025-12-03T00:00:00.000","2025-12-03T00:00:00.000","Illegal Dumping - City Property","Berkeley","CA","37.877517445740679","-122.26658439667588"
"524538","2025-12-02T00:00:00.000","Closed","2025-12-03T00:00:00.000","2025-12-03T00:00:00.000","Illegal Dumping - City Property","Berkeley","CA","37.877361928398422","-122.26645751926823"
"524539","2025-12-02T00:00:00.000","Closed","2025-12-03T00:00:00.000","2025-12-03T00:00:00.000","Illegal Dumping - City Property","Berkeley","CA","37.876698340363582","-122.26689487105104"
"524540","2025-12-02T00:00:00.000","Closed","2025-12-03T00:00:00.000","2025-12-03T00:00:00.000","Illegal Dumping - City Property","Berkeley","CA","37.876383243046142","-122.26679746639177"
"524551","2025-12-02T00:00:00.000","Closed","2025-12-04T00:00:00.000","2025-12-04T00:00:00.000","Mattress Program","Berkeley","CA","37.862604","-122.2731135"
"524563","2025-12-02T00:00:00.000","Closed","2025-12-05T00:00:00.000","2025-12-05T00:00:00.000","Sewer Maintenance","Berkeley","CA","37.879812","-122.257755"
"524570","2025-12-02T00:00:00.000","Open","2025-12-02T00:00:00.000",,"Engineering - Paving Issue","Berkeley","CA","37.878372","-122.262885"
"524590","2025-12-02T00:00:00.000","Open","2025-12-03T00:00:00.000",,"Miscellaneous - Transportation","Berkeley","CA","37.871785042353075","-122.26843996300751"
"524593","2025-12-02T00:00:00.000","Closed","2025-12-02T00:00:00.000","2025-12-02T00:00:00.000","Miscellaneous","Berkeley","CA","37.866096","-122.252472"
"524632","2025-12-02T00:00:00.000","Closed","2025-12-03T00:00:00.000","2025-12-03T00:00:00.000","Illegal Dumping - City Property","Berkeley","CA","37.879557561592691","-122.27140846896755"
"524634","2025-12-02T00:00:00.000","Closed","2025-12-03T00:00:00.000","2025-12-03T00:00:00.000","Illegal Dumping - City Property","Berkeley","CA","37.880516184778763","-122.27148333634153"
"524636","2025-12-02T00:00:00.000","Closed","2025-12-03T00:00:00.000","2025-12-03T00:00:00.000","Illegal Dumping - City Property","Berkeley","CA","37.8805159068662","-122.27189197681648"
"524639","2025-12-02T00:00:00.000","Closed","2025-12-03T00:00:00.000","2025-12-03T00:00:00.000","Illegal Dumping - City Property","Berkeley","CA","37.879708863145822","-122.27359316874711"
"524641","2025-12-02T00:00:00.000","Closed","2025-12-02T00:00:00.000","2025-12-02T00:00:00.000","Missed Trash Pickup - Residential","Berkeley","CA","37.882567641023044","-122.26192512698363"
"524723","2025-12-03T00:00:00.000","Open","2025-12-03T00:00:00.000",,"Miscellaneous - Transportation","Berkeley","CA","37.872234","-122.267826"
"524763","2025-12-03T00:00:00.000","Closed","2025-12-03T00:00:00.000","2025-12-03T00:00:00.000","Illegal Dumping - City Property","Berkeley","CA","37.87879706141991","-122.25935700000001"
"524773","2025-12-03T00:00:00.000","Closed","2025-12-04T00:00:00.000","2025-12-04T00:00:00.000","Mattress Program","Berkeley","CA","37.863387","-122.254137"
"524775","2025-12-03T00:00:00.000","Closed","2025-12-10T00:00:00.000","2025-12-10T00:00:00.000","Facilities Electrical","Berkeley","CA","37.870083","-122.2718535"
"524815","2025-12-03T00:00:00.000","Closed","2025-12-03T00:00:00.000","2025-12-03T00:00:00.000","Abandoned Vehicle - Ready for PD (Parking Enforcement)","Berkeley","CA","37.882809","-122.261814"
"524833","2025-12-03T00:00:00.000","In Progress","2025-12-03T00:00:00.000",,"Street Lights - Repair","Berkeley","CA","37.867221","-122.2635555"
"524837","2025-12-03T00:00:00.000","Closed","2025-12-17T00:00:00.000","2025-12-17T00:00:00.000","Street Lights - Repair","Berkeley","CA","37.875850421994841","-122.26289345270919"
"524839","2025-12-03T00:00:00.000","Closed","2026-02-09T00:00:00.000","2026-02-09T00:00:00.000","Street Lights - Repair","Berkeley","CA","37.878858","-122.265747"
"524845","2025-12-03T00:00:00.000","Closed","2025-12-09T00:00:00.000","2025-12-09T00:00:00.000","Graffiti Abatement - Traffic Maintenance","Berkeley","CA","37.879951355505931","-122.25787057519136"
"524846","2025-12-03T00:00:00.000","Closed","2025-12-04T00:00:00.000","2025-12-04T00:00:00.000","Missed Trash Pickup - Commercial","Berkeley","CA","37.869021","-122.252634"
"524851","2025-12-04T00:00:00.000","Closed","2025-12-04T00:00:00.000","2025-12-04T00:00:00.000","Street Light - New Installations","Berkeley","CA","37.879722","-122.270787"
"524906","2025-12-04T00:00:00.000","Closed","2025-12-05T00:00:00.000","2025-12-05T00:00:00.000","Illegal Dumping - City Property","Berkeley","CA","37.866456","-122.2644195"
"524917","2025-12-04T00:00:00.000","Closed","2025-12-05T00:00:00.000","2025-12-05T00:00:00.000","Illegal Dumping - City Property","Berkeley","CA","37.875231","-122.273694"
"524918","2025-12-04T00:00:00.000","Open","2025-12-04T00:00:00.000",,"TNC AR10.2","Berkeley","CA","37.866024","-122.258628"
"524931","2025-12-04T00:00:00.000","Closed","2026-01-14T00:00:00.000","2026-01-14T00:00:00.000","Tree Removal","Berkeley","CA","37.880622","-122.265081"
"524942","2025-12-04T00:00:00.000","Open","2025-12-04T00:00:00.000",,"Encampment Complaint","Berkeley","CA","37.869669","-122.2731495"
"524970","2025-12-04T00:00:00.000","Closed","2025-12-11T00:00:00.000","2025-12-11T00:00:00.000","Unknown Water","Berkeley","CA","37.873278","-122.2713585"
"524971","2025-12-04T00:00:00.000","Closed","2025-12-05T00:00:00.000","2025-12-05T00:00:00.000","Direct Line General - 311","Berkeley","CA","37.875771","-122.2715115"
"524974","2025-12-04T00:00:00.000","Closed","2025-12-09T00:00:00.000","2025-12-09T00:00:00.000","Tree Health Concerns - Insects and Disease","Berkeley","CA","37.873233","-122.2716645"
"524989","2025-12-04T00:00:00.000","Closed","2025-12-04T00:00:00.000","2025-12-04T00:00:00.000","Direct Line General - 311","Berkeley","CA","37.868148","-122.25042"
"524999","2025-12-04T00:00:00.000","Closed","2025-12-04T00:00:00.000","2025-12-04T00:00:00.000","Missed Trash Pickup - Residential","Berkeley","CA","37.879713","-122.2710885"
"525012","2025-12-04T00:00:00.000","Closed","2025-12-04T00:00:00.000","2025-12-04T00:00:00.000","Missed Trash Pickup - Residential","Berkeley","CA","37.879713","-122.2710885"
"525029","2025-12-05T00:00:00.000","Closed","2025-12-05T00:00:00.000","2025-12-05T00:00:00.000","Unknown Water","Berkeley","CA","37.870056","-122.2732215"
"525042","2025-12-05T00:00:00.000","Closed","2025-12-05T00:00:00.000","2025-12-05T00:00:00.000","Parking Meter Repair","Berkeley","CA","37.872981","-122.2684875"
"525098","2025-12-05T00:00:00.000","Closed","2025-12-11T00:00:00.000","2025-12-11T00:00:00.000","Mattress Program","Berkeley","CA","37.863846","-122.2523685"
"525142","2025-12-05T00:00:00.000","Closed","2025-12-06T00:00:00.000","2025-12-06T00:00:00.000","Illegal Dumping - City Property","Berkeley","CA","37.879808272937126","-122.27192582331206"
"525186","2025-12-05T00:00:00.000","Closed","2025-12-06T00:00:00.000","2025-12-06T00:00:00.000","Illegal Dumping - City Property","Berkeley","CA","37.873071","-122.2699725"
"525197","2025-12-05T00:00:00.000","Closed","2026-05-29T00:00:00.000","2026-05-29T00:00:00.000","Street Lights - Repair","Berkeley","CA","37.863504","-122.2677675"
"525205","2025-12-05T00:00:00.000","Open","2025-12-05T00:00:00.000",,"Street Striping/Marking (Refresh)","Berkeley","CA","37.863927","-122.2537365"
"525215","2025-12-05T00:00:00.000","Closed","2025-12-16T00:00:00.000","2025-12-16T00:00:00.000","Vegetation Violation Notice","Berkeley","CA","37.875696727348824","-122.25544374429104"
"525220","2025-12-06T00:00:00.000","Closed","2025-12-09T00:00:00.000","2025-12-09T00:00:00.000","Illegal Dumping - City Property","Berkeley","CA","37.879297791179745","-122.27066097831276"
"525221","2025-12-06T00:00:00.000","Closed","2025-12-09T00:00:00.000","2025-12-09T00:00:00.000","Illegal Dumping - City Property","Berkeley","CA","37.867599","-122.2677855"
"525233","2025-12-06T00:00:00.000","Closed","2025-12-09T00:00:00.000","2025-12-09T00:00:00.000","Graffiti Abatement - Traffic Maintenance","Berkeley","CA","37.883789549997267","-122.26970408879257"
"525246","2025-12-06T00:00:00.000","Open","2025-12-08T00:00:00.000",,"Noise Complaint","Berkeley","CA","37.862712","-122.253273"
"525248","2025-12-07T00:00:00.000","Open","2025-12-08T00:00:00.000",,"Noise Complaint","Berkeley","CA","37.863108","-122.26203"
"525252","2025-12-07T00:00:00.000","Closed","2025-12-09T00:00:00.000","2025-12-09T00:00:00.000","Illegal Dumping - City Property","Berkeley","CA","37.864962","-122.2610175"
"525271","2025-12-08T00:00:00.000","Closed","2025-12-08T00:00:00.000","2025-12-08T00:00:00.000","Missed Trash Pickup - Commercial","Berkeley","CA","37.866051","-122.253003"
"525325","2025-12-08T00:00:00.000","Closed","2026-01-30T00:00:00.000","2026-01-30T00:00:00.000","Parking Meter Repair","Berkeley","CA","37.865640714312","-122.269120430941"
"525357","2025-12-08T00:00:00.000","Closed","2025-12-09T00:00:00.000","2025-12-09T00:00:00.000","Illegal Dumping - City Property","Berkeley","CA","37.877787","-122.2607025"
"525362","2025-12-08T00:00:00.000","Closed","2026-05-13T00:00:00.000","2026-05-13T00:00:00.000","Street Striping/Marking (Refresh)","Berkeley","CA","37.880361","-122.2682175"
"525364","2025-12-08T00:00:00.000","Closed","2025-12-22T00:00:00.000","2025-12-22T00:00:00.000","Tree Health Concerns - Insects and Disease","Berkeley","CA","37.878093","-122.25672"
"525422","2025-12-08T00:00:00.000","Closed","2025-12-09T00:00:00.000","2025-12-09T00:00:00.000","Street Lights - Repair","Berkeley","CA","37.866415813196","-122.255190168629"
"525424","2025-12-08T00:00:00.000","Closed","2026-07-08T00:00:00.000","2026-07-08T00:00:00.000","Street Lights - Repair","Berkeley","CA","37.872531","-122.26734"
"525427","2025-12-08T00:00:00.000","Closed","2025-12-24T00:00:00.000","2025-12-24T00:00:00.000","Street Lights - Repair","Berkeley","CA","37.871951787212","-122.267721123244"
"525429","2025-12-08T00:00:00.000","Closed","2025-12-24T00:00:00.000","2025-12-24T00:00:00.000","Street Lights - Repair","Berkeley","CA","37.863765","-122.267799"
"525431","2025-12-08T00:00:00.000","Closed","2025-12-24T00:00:00.000","2025-12-24T00:00:00.000","Street Lights - Repair","Berkeley","CA","37.863609896300396","-122.26315362698364"
"525468","2025-12-08T00:00:00.000","Closed","2025-12-11T00:00:00.000","2025-12-11T00:00:00.000","Unknown Water","Berkeley","CA","37.868598","-122.257809"
"525488","2025-12-08T00:00:00.000","Closed","2025-12-11T00:00:00.000","2025-12-11T00:00:00.000","Mattress Program","Berkeley","CA","37.863036","-122.272749"
"525497","2025-12-08T00:00:00.000","Closed","2025-12-08T00:00:00.000","2025-12-08T00:00:00.000","Abandoned Vehicle - Ready for PD (Parking Enforcement)","Berkeley","CA","37.868796","-122.24916"
"525519","2025-12-08T00:00:00.000","Closed","2025-12-09T00:00:00.000","2025-12-09T00:00:00.000","Illegal Dumping - City Property","Berkeley","CA","37.873635676846","-122.268637417771"
"525544","2025-12-09T00:00:00.000","Closed","2025-12-09T00:00:00.000","2025-12-09T00:00:00.000","Abandoned Vehicle - Ready for PD (Parking Enforcement)","Berkeley","CA","37.868427","-122.2715295"
"525603","2025-12-09T00:00:00.000","Closed","2025-12-10T00:00:00.000","2025-12-10T00:00:00.000","Curb Repainting","Berkeley","CA","37.870842240819","-122.270497872716"
"525635","2025-12-09T00:00:00.000","Open","2025-12-09T00:00:00.000",,"TNC AR10.2","Berkeley","CA","37.863261","-122.258709"
"525669","2025-12-09T00:00:00.000","Closed","2026-02-09T00:00:00.000","2026-02-09T00:00:00.000","Parking Meter Repair","Berkeley","CA","37.869462","-122.2709625"
"525710","2025-12-09T00:00:00.000","Closed","2025-12-09T00:00:00.000","2025-12-09T00:00:00.000","Missed Trash Pickup - Residential","Berkeley","CA","37.881315","-122.2712415"
"525713","2025-12-09T00:00:00.000","Closed","2025-12-10T00:00:00.000","2025-12-10T00:00:00.000","Pedestrian Signals Repair","Berkeley","CA","37.871856","-122.270733"
"525732","2025-12-09T00:00:00.000","Open","2025-12-09T00:00:00.000",,"Graffiti Abatement - Parks","Berkeley","CA","37.869462","-122.2709625"
"525733","2025-12-09T00:00:00.000","Closed","2025-12-11T00:00:00.000","2025-12-11T00:00:00.000","Facilities Electrical","Berkeley","CA","37.870083","-122.2718535"
"525734","2025-12-09T00:00:00.000","Open","2025-12-09T00:00:00.000",,"Graffiti Abatement","Berkeley","CA","37.869462","-122.2709625"
"525754","2025-12-09T00:00:00.000","Closed","2025-12-11T00:00:00.000","2025-12-11T00:00:00.000","Illegal Dumping - City Property","Berkeley","CA","37.877342582901356","-122.27382443356125"
"525755","2025-12-09T00:00:00.000","In Progress","2025-12-10T00:00:00.000",,"Illegal Dumping - City Property","Berkeley","CA","37.863999","-122.265018"
"525759","2025-12-10T00:00:00.000","Closed","2025-12-10T00:00:00.000","2025-12-10T00:00:00.000","Miscellaneous","Berkeley","CA","37.8692141097996","-122.25234401047712"
"525787","2025-12-10T00:00:00.000","Closed","2025-12-17T00:00:00.000","2025-12-17T00:00:00.000","Parking Meter Repair","Berkeley","CA","37.867743","-122.2682535"
"525808","2025-12-10T00:00:00.000","Closed","2025-12-11T00:00:00.000","2025-12-11T00:00:00.000","Mattress Program","Berkeley","CA","37.864395","-122.2737525"
"525815","2025-12-10T00:00:00.000","Closed","2025-12-11T00:00:00.000","2025-12-11T00:00:00.000","Illegal Dumping - City Property","Berkeley","CA","37.865826","-122.2692705"
"525826","2025-12-10T00:00:00.000","Closed","2025-12-11T00:00:00.000","2025-12-11T00:00:00.000","Mattress Program","Berkeley","CA","37.878957","-122.2663905"
"525850","2025-12-10T00:00:00.000","Closed","2025-12-18T00:00:00.000","2025-12-18T00:00:00.000","Parking Meter Repair","Berkeley","CA","37.868112","-122.256729"
"525870","2025-12-10T00:00:00.000","Closed","2026-01-02T00:00:00.000","2026-01-02T00:00:00.000","Tree Pruning","Berkeley","CA","37.879011","-122.2599825"
"525889","2025-12-10T00:00:00.000","Closed","2025-12-11T00:00:00.000","2025-12-11T00:00:00.000","Illegal Dumping - City Property","Berkeley","CA","37.865808","-122.252769"
"525914","2025-12-10T00:00:00.000","Closed","2025-12-11T00:00:00.000","2025-12-11T00:00:00.000","Illegal Dumping - City Property","Berkeley","CA","37.879049765463449","-122.27072619739448"
"525915","2025-12-10T00:00:00.000","Closed","2025-12-11T00:00:00.000","2025-12-11T00:00:00.000","Illegal Dumping - City Property","Berkeley","CA","37.879765213285523","-122.2719606196238"
"525942","2025-12-11T00:00:00.000","Closed","2025-12-12T00:00:00.000","2025-12-12T00:00:00.000","Illegal Dumping - City Property","Berkeley","CA","37.876608","-122.2689105"
"525945","2025-12-11T00:00:00.000","Closed","2025-12-11T00:00:00.000","2025-12-11T00:00:00.000","Graffiti Abatement - Streets and Utilities","Berkeley","CA","37.87461","-122.2639695"
"525950","2025-12-11T00:00:00.000","Closed","2025-12-11T00:00:00.000","2025-12-11T00:00:00.000","Illegal Dumping - City Property","Berkeley","CA","37.871145","-122.2736625"
"525955","2025-12-11T00:00:00.000","Open","2025-12-11T00:00:00.000",,"Graffiti Abatement - Traffic Maintenance","Berkeley","CA","37.880658","-122.265954"
"525973","2025-12-11T00:00:00.000","Closed","2025-12-11T00:00:00.000","2025-12-11T00:00:00.000","Illegal Dumping - City Property","Berkeley","CA","37.865994341094","-122.265551492248"
"525991","2025-12-11T00:00:00.000","Closed","2026-01-09T00:00:00.000","2026-01-09T00:00:00.000","Sewer Maintenance","Berkeley","CA","37.86759","-122.2478325"
"525992","2025-12-11T00:00:00.000","Closed","2025-12-11T00:00:00.000","2025-12-11T00:00:00.000","Sewer Maintenance","Berkeley","CA","37.867635","-122.2476705"
"525996","2025-12-11T00:00:00.000","Closed","2025-12-11T00:00:00.000","2025-12-11T00:00:00.000","Miscellaneous","Berkeley","CA","37.867545","-122.2647705"
"526004","2025-12-11T00:00:00.000","Closed","2025-12-15T00:00:00.000","2025-12-15T00:00:00.000","Direct Line General - 311","Berkeley","CA","37.879578","-122.2582185"
"526017","2025-12-11T00:00:00.000","Closed","2025-12-11T00:00:00.000","2025-12-11T00:00:00.000","Direct Line General - 311","Berkeley","CA","37.871286","-122.26861"
"526018","2025-12-11T00:00:00.000","Closed","2025-12-11T00:00:00.000","2025-12-11T00:00:00.000","Direct Line General - 311","Berkeley","CA","37.871286","-122.26861"
"526025","2025-12-11T00:00:00.000","Closed","2025-12-11T00:00:00.000","2025-12-11T00:00:00.000","Miscellaneous Service Request","Berkeley","CA","37.865511","-122.254101"
"526028","2025-12-11T00:00:00.000","Closed","2025-12-11T00:00:00.000","2025-12-11T00:00:00.000","Direct Line General - 311","Berkeley","CA","37.871286","-122.26861"
"526034","2025-12-11T00:00:00.000","Closed","2025-12-12T00:00:00.000","2025-12-12T00:00:00.000","Illegal Dumping - City Property","Berkeley","CA","37.86579","-122.2636275"
"526048","2025-12-11T00:00:00.000","Closed","2025-12-11T00:00:00.000","2025-12-11T00:00:00.000","Direct Line General - 311","Berkeley","CA","37.880343","-122.265585"
"526058","2025-12-11T00:00:00.000","Closed","2025-12-12T00:00:00.000","2025-12-12T00:00:00.000","Direct Line General - 311","Berkeley","CA","37.868949","-122.26752"
"526059","2025-12-11T00:00:00.000","Closed","2025-12-12T00:00:00.000","2025-12-12T00:00:00.000","Direct Line General - 311","Berkeley","CA","37.869894","-122.2661295"
"526063","2025-12-11T00:00:00.000","Closed","2025-12-12T00:00:00.000","2025-12-12T00:00:00.000","Illegal Dumping - City Property","Berkeley","CA","37.866022007789311","-122.25096550079152"
"526071","2025-12-11T00:00:00.000","Closed","2025-12-11T00:00:00.000","2025-12-11T00:00:00.000","Direct Line General - 311","Berkeley","CA","37.871622","-122.2705035"
"526078","2025-12-11T00:00:00.000","Open","2025-12-11T00:00:00.000",,"TNC AR10.2","Berkeley","CA","37.862973677362078","-122.2588992942283"
"526079","2025-12-11T00:00:00.000","Closed","2025-12-11T00:00:00.000","2025-12-11T00:00:00.000","Direct Line General - 311","Berkeley","CA","37.868175","-122.2685505"
"526084","2025-12-11T00:00:00.000","Closed","2025-12-11T00:00:00.000","2025-12-11T00:00:00.000","Direct Line General - 311","Berkeley","CA","37.881288","-122.2619625"
"526086","2025-12-11T00:00:00.000","Closed","2025-12-11T00:00:00.000","2025-12-11T00:00:00.000","Direct Line General - 311","Berkeley","CA","37.881288","-122.2619625"
"526089","2025-12-11T00:00:00.000","Closed","2025-12-11T00:00:00.000","2025-12-11T00:00:00.000","Direct Line General - 311","Berkeley","CA","37.871523","-122.27112"
"526131","2025-12-11T00:00:00.000","Open","2025-12-11T00:00:00.000",,"Miscellaneous - Transportation","Berkeley","CA","37.876608","-122.2689105"
"526132","2025-12-11T00:00:00.000","Closed","2026-01-13T00:00:00.000","2026-01-08T00:00:00.000","Unknown Water","Berkeley","CA","37.86336","-122.2721235"
"526145","2025-12-11T00:00:00.000","Closed","2025-12-12T00:00:00.000","2025-12-12T00:00:00.000","Miscellaneous","Berkeley","CA","37.876437","-122.259312"
"526152","2025-12-12T00:00:00.000","Closed","2025-12-12T00:00:00.000","2025-12-12T00:00:00.000","Graffiti Abatement - Streets and Utilities","Berkeley","CA","37.865781","-122.2675875"
"526171","2025-12-12T00:00:00.000","Closed","2025-12-17T00:00:00.000","2025-12-17T00:00:00.000","Street Lights - Repair","Berkeley","CA","37.871813590431","-122.26879560919311"
"526246","2025-12-12T00:00:00.000","Closed","2025-12-17T00:00:00.000","2025-12-17T00:00:00.000","Potholes","Berkeley","CA","37.876266","-122.2733565"
"526260","2025-12-12T00:00:00.000","Closed","2025-12-12T00:00:00.000","2025-12-12T00:00:00.000","Miscellaneous","Berkeley","CA","37.862118","-122.259231"
"526266","2025-12-12T00:00:00.000","Closed","2025-12-13T00:00:00.000","2025-12-13T00:00:00.000","Illegal Dumping - City Property","Berkeley","CA","37.866033343107","-122.265234884615"
"526273","2025-12-12T00:00:00.000","Closed","2025-12-12T00:00:00.000","2025-12-12T00:00:00.000","Miscellaneous","Berkeley","CA","37.865007610227337","-122.2517316929483"
"526282","2025-12-12T00:00:00.000","Closed","2025-12-16T00:00:00.000","2025-12-16T00:00:00.000","Utilities","Berkeley","CA","37.869462","-122.2709625"
"526303","2025-12-12T00:00:00.000","Closed","2026-01-13T00:00:00.000","2026-01-13T00:00:00.000","Street Lights - Repair","Berkeley","CA","37.881288","-122.2619625"
"526314","2025-12-13T00:00:00.000","Closed","2025-12-15T00:00:00.000","2025-12-15T00:00:00.000","Illegal Dumping - City Property","Berkeley","CA","37.863893350052287","-122.26517348229385"
"526318","2025-12-13T00:00:00.000","Closed","2026-04-22T00:00:00.000","2026-04-22T00:00:00.000","Sign Repair and Reinstallation","Berkeley","CA","37.877892919572091","-122.26060851906946"
"526327","2025-12-14T00:00:00.000","Closed","2025-12-18T00:00:00.000","2025-12-18T00:00:00.000","Storm Drain Problem/Maintenance","Berkeley","CA","37.880522166045324","-122.261421573442"
"526329","2025-12-14T00:00:00.000","Closed","2025-12-15T00:00:00.000","2025-12-15T00:00:00.000","Illegal Dumping - City Property","Berkeley","CA","37.8818293945826","-122.27317068614731"
"526330","2025-12-14T00:00:00.000","Closed","2025-12-15T00:00:00.000","2025-12-15T00:00:00.000","Illegal Dumping - City Property","Berkeley","CA","37.882014161202939","-122.27291186671893"
"526331","2025-12-14T00:00:00.000","Closed","2025-12-15T00:00:00.000","2025-12-15T00:00:00.000","Illegal Dumping - City Property","Berkeley","CA","37.881977626899911","-122.27290188948147"
"526332","2025-12-14T00:00:00.000","Closed","2025-12-15T00:00:00.000","2025-12-15T00:00:00.000","Illegal Dumping - City Property","Berkeley","CA","37.883540199009786","-122.27297577656572"
"526347","2025-12-14T00:00:00.000","Open","2025-12-15T00:00:00.000",,"Noise Complaint","Berkeley","CA","37.870092569772","-122.269268355611"
"526356","2025-12-15T00:00:00.000","Closed","2026-01-05T00:00:00.000","2026-01-05T00:00:00.000","Facilities Electrical","Berkeley","CA","37.878894","-122.2707285"
"526370","2025-12-15T00:00:00.000","Open","2025-12-15T00:00:00.000",,"Graffiti Abatement - Traffic Maintenance","Berkeley","CA","37.880658","-122.265954"
"526393","2025-12-15T00:00:00.000","Closed","2025-12-15T00:00:00.000","2025-12-15T00:00:00.000","Direct Line General - 311","Berkeley","CA","37.871286","-122.26861"
"526400","2025-12-15T00:00:00.000","Closed","2025-12-16T00:00:00.000","2025-12-16T00:00:00.000","Sign Repair and Reinstallation","Berkeley","CA","37.880521445381447","-122.26139720370485"
"526409","2025-12-15T00:00:00.000","Closed","2025-12-15T00:00:00.000","2025-12-15T00:00:00.000","Direct Line General - 311","Berkeley","CA","37.870155","-122.2674705"
"526411","2025-12-15T00:00:00.000","Closed","2025-12-15T00:00:00.000","2025-12-15T00:00:00.000","Direct Line General - 311","Berkeley","CA","37.875771","-122.2715115"
"526415","2025-12-15T00:00:00.000","Closed","2025-12-15T00:00:00.000","2025-12-15T00:00:00.000","Direct Line General - 311","Berkeley","CA","37.875771","-122.2715115"
"526432","2025-12-15T00:00:00.000","Closed","2025-12-15T00:00:00.000","2025-12-15T00:00:00.000","Direct Line General - 311","Berkeley","CA","37.87056","-122.268573"
"526439","2025-12-15T00:00:00.000","Closed","2025-12-15T00:00:00.000","2025-12-15T00:00:00.000","Direct Line General - 311","Berkeley","CA","37.867932","-122.256306"
"526440","2025-12-15T00:00:00.000","Closed","2025-12-15T00:00:00.000","2025-12-15T00:00:00.000","Direct Line General - 311","Berkeley","CA","37.866951","-122.2637805"
"526467","2025-12-15T00:00:00.000","Closed","2025-12-15T00:00:00.000","2025-12-15T00:00:00.000","Direct Line General - 311","Berkeley","CA","37.865925","-122.264829"
"526485","2025-12-15T00:00:00.000","In Progress","2025-12-19T00:00:00.000",,"Miscellaneous - Transportation","Berkeley","CA","37.880253","-122.260491"
"526510","2025-12-15T00:00:00.000","Closed","2025-12-18T00:00:00.000","2025-12-18T00:00:00.000","Mattress Program","Berkeley","CA","37.88217","-122.261094"
"526512","2025-12-15T00:00:00.000","Closed","2025-12-18T00:00:00.000","2025-12-18T00:00:00.000","Mattress Program","Berkeley","CA","37.874043","-122.269563"
"526526","2025-12-15T00:00:00.000","Closed","2025-12-16T00:00:00.000","2025-12-16T00:00:00.000","Illegal Dumping - City Property","Berkeley","CA","37.864539","-122.2630065"
"526579","2025-12-15T00:00:00.000","Closed","2026-01-26T00:00:00.000","2026-01-26T00:00:00.000","Tree Pruning","Berkeley","CA","37.862037","-122.2701705"
"526663","2025-12-16T00:00:00.000","Closed","2025-12-17T00:00:00.000","2025-12-17T00:00:00.000","Illegal Dumping - City Property","Berkeley","CA","37.879774961707021","-122.27209813710535"
"526664","2025-12-16T00:00:00.000","Closed","2025-12-17T00:00:00.000","2025-12-17T00:00:00.000","Illegal Dumping - City Property","Berkeley","CA","37.8799039905929","-122.27144828182051"
"526666","2025-12-16T00:00:00.000","Closed","2025-12-17T00:00:00.000","2025-12-17T00:00:00.000","Illegal Dumping - City Property","Berkeley","CA","37.868085210721432","-122.26592513384401"
"526668","2025-12-16T00:00:00.000","Closed","2025-12-18T00:00:00.000","2025-12-18T00:00:00.000","Illegal Dumping - City Property","Berkeley","CA","37.879829527779485","-122.26799335864439"
"526676","2025-12-16T00:00:00.000","Closed","2025-12-16T00:00:00.000","2025-12-16T00:00:00.000","Illegal Dumping","Berkeley","CA","37.867892889537885","-122.26612858374917"
"526680","2025-12-16T00:00:00.000","Closed","2025-12-16T00:00:00.000","2025-12-16T00:00:00.000","Illegal Dumping - City Property","Berkeley","CA","37.864778989230011","-122.26543962302505"
"526682","2025-12-16T00:00:00.000","Closed","2025-12-17T00:00:00.000","2025-12-17T00:00:00.000","Illegal Dumping - City Property","Berkeley","CA","37.864096156441661","-122.2650528164977"
"526684","2025-12-16T00:00:00.000","Open","2025-12-16T00:00:00.000",,"Illegal Dumping - City Property","Berkeley","CA","37.863057750503849","-122.26611131755787"
"526686","2025-12-16T00:00:00.000","Closed","2025-12-17T00:00:00.000","2025-12-17T00:00:00.000","Illegal Dumping - City Property","Berkeley","CA","37.862963700759266","-122.26895365932775"
"526690","2025-12-16T00:00:00.000","Closed","2025-12-17T00:00:00.000","2025-12-17T00:00:00.000","Illegal Dumping - City Property","Berkeley","CA","37.862137148098036","-122.27337798175553"
"526768","2025-12-16T00:00:00.000","Closed","2026-02-10T00:00:00.000","2026-02-10T00:00:00.000","Parking Meter Repair","Berkeley","CA","37.865020610914","-122.259297366845"
"526779","2025-12-17T00:00:00.000","Closed","2025-12-17T00:00:00.000","2025-12-17T00:00:00.000","Miscellaneous","Berkeley","CA","37.878858","-122.265747"
"526785","2025-12-17T00:00:00.000","Closed","2025-12-20T00:00:00.000","2025-12-20T00:00:00.000","Storm Drain Problem/Maintenance","Berkeley","CA","37.866132","-122.269707"
"526800","2025-12-17T00:00:00.000","Closed","2025-12-18T00:00:00.000","2025-12-18T00:00:00.000","Encampment Complaint","Berkeley","CA","37.869435","-122.26644"
"526814","2025-12-17T00:00:00.000","Closed","2025-12-18T00:00:00.000","2025-12-18T00:00:00.000","Mattress Program","Berkeley","CA","37.882971","-122.2677045"
"526817","2025-12-17T00:00:00.000","Closed","2025-12-20T00:00:00.000","2025-12-20T00:00:00.000","Storm Drain Problem/Maintenance","Berkeley","CA","37.866933","-122.2658235"
"526832","2025-12-17T00:00:00.000","Closed","2025-12-17T00:00:00.000","2025-12-17T00:00:00.000","Pressure Washing","Berkeley","CA","37.868697","-122.2675605"
"526844","2025-12-17T00:00:00.000","Closed","2025-12-17T00:00:00.000","2025-12-17T00:00:00.000","Direct Line General - 311","Berkeley","CA","37.871982","-122.267502"
"526862","2025-12-17T00:00:00.000","Closed","2025-12-17T00:00:00.000","2025-12-17T00:00:00.000","Miscellaneous","Berkeley","CA","37.872153","-122.268429"
"526864","2025-12-17T00:00:00.000","Closed","2025-12-19T00:00:00.000","2025-12-19T00:00:00.000","Potholes","Berkeley","CA","37.862424","-122.2597575"
"526873","2025-12-17T00:00:00.000","Closed","2025-12-19T00:00:00.000","2025-12-19T00:00:00.000","Potholes","Berkeley","CA","37.880676","-122.273694"
"526887","2025-12-17T00:00:00.000","Closed","2025-12-17T00:00:00.000","2025-12-17T00:00:00.000","Missed Trash Pickup - Residential","Berkeley","CA","37.867986","-122.2492005"
"526894","2025-12-17T00:00:00.000","Open","2025-12-17T00:00:00.000",,"Vegetation Violation Notice","Berkeley","CA","37.880136","-122.259834"
"526898","2025-12-17T00:00:00.000","Open","2025-12-18T00:00:00.000",,"Sewer Maintenance","Berkeley","CA","37.882233","-122.266611"
"526940","2025-12-17T00:00:00.000","Closed","2025-12-18T00:00:00.000","2025-12-18T00:00:00.000","Mattress Program","Berkeley","CA","37.867779","-122.2537725"
"526949","2025-12-17T00:00:00.000","Closed","2025-12-17T00:00:00.000","2025-12-17T00:00:00.000","Missed Trash Pickup - Commercial","Berkeley","CA","37.872306","-122.269554"
"526952","2025-12-17T00:00:00.000","Closed","2025-12-17T00:00:00.000","2025-12-17T00:00:00.000","Missed Trash Pickup - Commercial","Berkeley","CA","37.867509","-122.2638975"
"526991","2025-12-18T00:00:00.000","Closed","2025-12-22T00:00:00.000","2025-12-22T00:00:00.000","Storm Drain Problem/Maintenance","Berkeley","CA","37.875051","-122.258304"
"526995","2025-12-18T00:00:00.000","Open","2025-12-18T00:00:00.000",,"Doors / Gates / Hardware","Berkeley","CA","37.867383","-122.259852"
"527035","2025-12-18T00:00:00.000","Closed","2025-12-18T00:00:00.000","2025-12-18T00:00:00.000","Miscellaneous","Berkeley","CA","37.870344","-122.267781"
"527037","2025-12-18T00:00:00.000","Open","2025-12-18T00:00:00.000",,"Street Lights - Repair","Berkeley","CA","37.870542","-122.2679565"
"527049","2025-12-18T00:00:00.000","Closed","2026-01-13T00:00:00.000","2026-01-13T00:00:00.000","Street Lights - Repair","Berkeley","CA","37.873377","-122.266197"
"527050","2025-12-18T00:00:00.000","Open","2025-12-18T00:00:00.000",,"Street Lights - Repair","Berkeley","CA","37.869597","-122.2523055"
"527051","2025-12-18T00:00:00.000","Closed","2026-01-13T00:00:00.000","2026-01-13T00:00:00.000","Street Lights - Repair","Berkeley","CA","37.868679","-122.252265"
"527067","2025-12-18T00:00:00.000","Closed","2026-01-13T00:00:00.000","2026-01-13T00:00:00.000","Street Lights - Repair","Berkeley","CA","37.870980150743144","-122.26611454760743"
"527083","2025-12-18T00:00:00.000","Closed","2025-12-19T00:00:00.000","2025-12-19T00:00:00.000","Illegal Dumping - City Property","Berkeley","CA","37.88118","-122.270994"
"527084","2025-12-18T00:00:00.000","Closed","2025-12-19T00:00:00.000","2025-12-19T00:00:00.000","Illegal Dumping - City Property","Berkeley","CA","37.88118","-122.270994"
"527105","2025-12-18T00:00:00.000","Closed","2025-12-19T00:00:00.000","2025-12-19T00:00:00.000","Parking Enforcement - Request for Enforcement","Berkeley","CA","37.87542","-122.26797"
"527118","2025-12-19T00:00:00.000","In Progress","2025-12-19T00:00:00.000",,"Elevator Services/Repair","Berkeley","CA","37.870533","-122.2698825"
"527128","2025-12-19T00:00:00.000","Closed","2025-12-23T00:00:00.000","2025-12-23T00:00:00.000","Tree Health Concerns - Insects and Disease","Berkeley","CA","37.870416","-122.268681"
"527176","2025-12-19T00:00:00.000","Closed","2025-12-19T00:00:00.000","2025-12-19T00:00:00.000","Abandoned Vehicle - Ready for PD (Parking Enforcement)","Berkeley","CA","37.867086","-122.273127"
"527203","2025-12-19T00:00:00.000","Open","2025-12-19T00:00:00.000",,"Street Striping/Marking (Refresh)","Berkeley","CA","37.877280354923","-122.260593544069"
"527222","2025-12-19T00:00:00.000","Closed","2025-12-20T00:00:00.000","2025-12-20T00:00:00.000","Illegal Dumping - City Property","Berkeley","CA","37.863456","-122.2714833"
"527228","2025-12-19T00:00:00.000","Closed","2025-12-19T00:00:00.000","2025-12-19T00:00:00.000","Abandoned Vehicle - Ready for PD (Parking Enforcement)","Berkeley","CA","37.872891","-122.266791"
"527276","2025-12-20T00:00:00.000","Closed","2025-12-22T00:00:00.000","2025-12-22T00:00:00.000","Illegal Dumping - City Property","Berkeley","CA","37.8804637047607","-122.26831646249534"
"527286","2025-12-21T00:00:00.000","Closed","2025-12-23T00:00:00.000","2025-12-23T00:00:00.000","Broken Branch or Tree","Berkeley","CA","37.877805","-122.2716555"
"527296","2025-12-21T00:00:00.000","Closed","2025-12-22T00:00:00.000","2025-12-22T00:00:00.000","Illegal Dumping - City Property","Berkeley","CA","37.862078204158408","-122.26473397621787"
"527304","2025-12-21T00:00:00.000","Open","2025-12-22T00:00:00.000",,"Noise Complaint","Berkeley","CA","37.865682","-122.2628355"
"527306","2025-12-21T00:00:00.000","Open","2025-12-22T00:00:00.000",,"Noise Complaint","Berkeley","CA","37.875547512401432","-122.26014723456703"
"527308","2025-12-22T00:00:00.000","Closed","2025-12-22T00:00:00.000","2025-12-22T00:00:00.000","Storm Drain Problem/Maintenance","Berkeley","CA","37.869399","-122.2679475"
"527312","2025-12-22T00:00:00.000","Closed","2025-12-26T00:00:00.000","2025-12-26T00:00:00.000","Storm Drain Problem/Maintenance","Berkeley","CA","37.867599","-122.2677855"
"527321","2025-12-22T00:00:00.000","Closed","2026-01-06T00:00:00.000","2026-01-06T00:00:00.000","Storm Drain Problem/Maintenance","Berkeley","CA","37.865152473602","-122.257880288461"
"527325","2025-12-22T00:00:00.000","Closed","2025-12-27T00:00:00.000","2025-12-27T00:00:00.000","Storm Drain Problem/Maintenance","Berkeley","CA","37.87245","-122.273091"
"527345","2025-12-22T00:00:00.000","Closed","2026-08-12T00:00:00.000","2026-08-12T00:00:00.000","Facilities Electrical","Berkeley","CA","37.869462","-122.2709625"
"527347","2025-12-22T00:00:00.000","Closed","2025-12-22T00:00:00.000","2025-12-22T00:00:00.000","Missed Trash Pickup - Commercial","Berkeley","CA","37.866051","-122.253003"
"527354","2025-12-22T00:00:00.000","Closed","2026-01-22T00:00:00.000","2026-01-22T00:00:00.000","Pay and Display Repair","Berkeley","CA","37.870435294537","-122.267523080782"
"527360","2025-12-22T00:00:00.000","Closed","2025-12-23T00:00:00.000","2025-12-23T00:00:00.000","Potholes","Berkeley","CA","37.871856","-122.270733"
"527374","2025-12-22T00:00:00.000","Closed","2025-12-23T00:00:00.000","2025-12-23T00:00:00.000","Broken Branch or Tree","Berkeley","CA","37.877805","-122.2716555"
"527378","2025-12-22T00:00:00.000","Closed","2025-12-22T00:00:00.000","2025-12-22T00:00:00.000","Illegal Dumping - City Property","Berkeley","CA","37.865994244791","-122.265551580973"
"527391","2025-12-22T00:00:00.000","Closed","2025-12-23T00:00:00.000","2025-12-23T00:00:00.000","Mechanical Street Sweeping","Berkeley","CA","37.877571","-122.2643115"
"527402","2025-12-22T00:00:00.000","Closed","2025-12-22T00:00:00.000","2025-12-22T00:00:00.000","Missed Trash Pickup - Commercial","Berkeley","CA","37.871109","-122.2670745"
"527414","2025-12-22T00:00:00.000","Closed","2025-12-27T00:00:00.000","2025-12-27T00:00:00.000","Storm Drain Problem/Maintenance","Berkeley","CA","37.869399","-122.2679475"
"527417","2025-12-22T00:00:00.000","Closed","2025-12-27T00:00:00.000","2025-12-27T00:00:00.000","Storm Drain Problem/Maintenance","Berkeley","CA","37.868562","-122.268267"
"527505","2025-12-22T00:00:00.000","Closed","2025-12-27T00:00:00.000","2025-12-27T00:00:00.000","Storm Drain Problem/Maintenance","Berkeley","CA","37.871097197423339","-122.2681348882183"
"527506","2025-12-22T00:00:00.000","Closed","2025-12-27T00:00:00.000","2025-12-27T00:00:00.000","Storm Drain Problem/Maintenance","Berkeley","CA","37.86669","-122.267691"
"527508","2025-12-22T00:00:00.000","Closed","2025-12-27T00:00:00.000","2025-12-27T00:00:00.000","Storm Drain Problem/Maintenance","Berkeley","CA","37.868562","-122.268267"
"527510","2025-12-22T00:00:00.000","Closed","2025-12-26T00:00:00.000","2025-12-26T00:00:00.000","Broken Branch or Tree","Berkeley","CA","37.87063724357462","-122.26808555630849"
"527512","2025-12-22T00:00:00.000","Closed","2025-12-23T00:00:00.000","2025-12-23T00:00:00.000","Potholes","Berkeley","CA","37.865781","-122.2675875"
"527516","2025-12-22T00:00:00.000","Closed","2025-12-27T00:00:00.000","2025-12-27T00:00:00.000","Storm Drain Problem/Maintenance","Berkeley","CA","37.86336","-122.2721235"
"527549","2025-12-22T00:00:00.000","Closed","2025-12-24T00:00:00.000","2025-12-24T00:00:00.000","Illegal Dumping - City Property","Berkeley","CA","37.863963","-122.2592985"
"527552","2025-12-23T00:00:00.000","Closed","2025-12-29T00:00:00.000","2025-12-29T00:00:00.000","Facilities Electrical","Berkeley","CA","37.870056","-122.2732215"
"527573","2025-12-23T00:00:00.000","Closed","2026-01-12T00:00:00.000","2026-01-12T00:00:00.000","Storm Drain Problem/Maintenance","Berkeley","CA","37.883241","-122.251941"
"527610","2025-12-23T00:00:00.000","Closed","2025-12-24T00:00:00.000","2025-12-24T00:00:00.000","Illegal Dumping - City Property","Berkeley","CA","37.881558435790126","-122.27198481131684"
"527619","2025-12-23T00:00:00.000","Closed","2025-12-24T00:00:00.000","2025-12-24T00:00:00.000","Illegal Dumping - City Property","Berkeley","CA","37.874836657928952","-122.26921746146918"
"527620","2025-12-23T00:00:00.000","Closed","2025-12-24T00:00:00.000","2025-12-24T00:00:00.000","Illegal Dumping - City Property","Berkeley","CA","37.874840711839063","-122.26937975992203"
"527621","2025-12-23T00:00:00.000","Closed","2025-12-24T00:00:00.000","2025-12-24T00:00:00.000","Illegal Dumping - City Property","Berkeley","CA","37.874743442277463","-122.27007146977533"
"527626","2025-12-23T00:00:00.000","Closed","2025-12-24T00:00:00.000","2025-12-24T00:00:00.000","Illegal Dumping - City Property","Berkeley","CA","37.874348106427547","-122.27325565052185"
"527627","2025-12-23T00:00:00.000","Closed","2025-12-26T00:00:00.000","2025-12-26T00:00:00.000","Illegal Dumping - City Property","Berkeley","CA","37.874305359808474","-122.27386979935876"
"527650","2025-12-23T00:00:00.000","Closed","2025-12-24T00:00:00.000","2025-12-24T00:00:00.000","Illegal Dumping - City Property","Berkeley","CA","37.873071","-122.2699725"
"527681","2025-12-23T00:00:00.000","Closed","2025-12-26T00:00:00.000","2025-12-26T00:00:00.000","Illegal Dumping - City Property","Berkeley","CA","37.864115142592013","-122.25948923252606"
"527777","2025-12-24T00:00:00.000","Closed","2026-01-05T00:00:00.000","2026-01-05T00:00:00.000","Mechanical Street Sweeping","Berkeley","CA","37.877139","-122.263875"
"527784","2025-12-24T00:00:00.000","Closed","2025-12-26T00:00:00.000","2025-12-26T00:00:00.000","Broken Branch or Tree","Berkeley","CA","37.870767","-122.2703145"
"527800","2025-12-24T00:00:00.000","Closed","2026-01-13T00:00:00.000","2026-01-13T00:00:00.000","Street Lights - Repair","Berkeley","CA","37.863153","-122.2595685"
"527813","2025-12-24T00:00:00.000","Closed","2025-12-26T00:00:00.000","2025-12-26T00:00:00.000","Broken Branch or Tree","Berkeley","CA","37.865907829140895","-122.25291866957015"
"527821","2025-12-24T00:00:00.000","Closed","2025-12-26T00:00:00.000","2025-12-26T00:00:00.000","Missed Trash Pickup - Residential","Berkeley","CA","37.862991","-122.2735725"
"527822","2025-12-24T00:00:00.000","Closed","2025-12-28T00:00:00.000","2025-12-28T00:00:00.000","Graffiti Abatement - Streets and Utilities","Berkeley","CA","37.868598463953049","-122.25925231478776"
"527835","2025-12-26T00:00:00.000","Closed","2025-12-27T00:00:00.000","2025-12-27T00:00:00.000","Storm Drain Problem/Maintenance","Berkeley","CA","37.87245","-122.273091"
"527852","2025-12-26T00:00:00.000","Closed","2025-12-26T00:00:00.000","2025-12-26T00:00:00.000","Hand Sweeping","Berkeley","CA","37.867259029584","-122.269930969345"
"527866","2025-12-26T00:00:00.000","Closed","2025-12-27T00:00:00.000","2025-12-27T00:00:00.000","Storm Drain Problem/Maintenance","Berkeley","CA","37.880001","-122.2683525"
"527886","2025-12-26T00:00:00.000","Closed","2025-12-26T00:00:00.000","2025-12-26T00:00:00.000","Missed Trash Pickup - Residential","Berkeley","CA","37.883538675506","-122.272055201499"
"527969","2025-12-28T00:00:00.000","Open","2025-12-29T00:00:00.000",,"Noise Complaint","Berkeley","CA","37.864089067988","-122.266912606042"
"527990","2025-12-29T00:00:00.000","Closed","2025-12-29T00:00:00.000","2025-12-29T00:00:00.000","Storm Drain Problem/Maintenance","Berkeley","CA","37.880514","-122.267079"
"528020","2025-12-29T00:00:00.000","Closed","2026-01-02T00:00:00.000","2026-01-02T00:00:00.000","Street Lights - Repair","Berkeley","CA","37.87461","-122.2639695"
"528046","2025-12-29T00:00:00.000","Closed","2025-12-29T00:00:00.000","2025-12-29T00:00:00.000","Illegal Dumping - City Property","Berkeley","CA","37.866411","-122.2648065"
"528072","2025-12-29T00:00:00.000","Closed","2025-12-31T00:00:00.000","2025-12-31T00:00:00.000","Potholes","Berkeley","CA","37.864144042947423","-122.266062"
"528076","2025-12-29T00:00:00.000","Closed","2025-12-31T00:00:00.000","2025-12-31T00:00:00.000","Potholes","Berkeley","CA","37.864478119855264","-122.25860105026246"
"528080","2025-12-29T00:00:00.000","Closed","2025-12-31T00:00:00.000","2025-12-31T00:00:00.000","Potholes","Berkeley","CA","37.864323","-122.2590195"
"528106","2025-12-29T00:00:00.000","In Progress","2025-12-29T00:00:00.000",,"Miscellaneous - Transportation","Berkeley","CA","37.87594949268474","-122.27363156379946"
"528113","2025-12-29T00:00:00.000","Closed","2025-12-29T00:00:00.000","2025-12-29T00:00:00.000","Storm Drain Problem/Maintenance","Berkeley","CA","37.868472","-122.2589115"
"528130","2025-12-29T00:00:00.000","Closed","2025-12-29T00:00:00.000","2025-12-29T00:00:00.000","Storm Drain Problem/Maintenance","Berkeley","CA","37.880001","-122.2683525"
"528156","2025-12-29T00:00:00.000","Closed","2025-12-29T00:00:00.000","2025-12-29T00:00:00.000","Illegal Dumping - City Property","Berkeley","CA","37.8729","-122.271291"
"528163","2025-12-29T00:00:00.000","Open","2025-12-29T00:00:00.000",,"Encampment Complaint","Berkeley","CA","37.866789551354913","-122.26025386992649"
"528188","2025-12-29T00:00:00.000","Closed","2025-12-30T00:00:00.000","2025-12-30T00:00:00.000","Illegal Dumping - City Property","Berkeley","CA","37.874619","-122.2721775"
"528228","2025-12-29T00:00:00.000","Closed","2025-12-31T00:00:00.000","2025-12-31T00:00:00.000","Potholes","Berkeley","CA","37.863616238933609","-122.25870905026245"
"528275","2025-12-30T00:00:00.000","Closed","2025-12-30T00:00:00.000","2025-12-30T00:00:00.000","Illegal Dumping - City Property","Berkeley","CA","37.877508","-122.273406"
"528344","2025-12-30T00:00:00.000","Closed","2025-12-31T00:00:00.000","2025-12-31T00:00:00.000","Illegal Dumping - City Property","Berkeley","CA","37.879609607628069","-122.27335521707443"
"528346","2025-12-30T00:00:00.000","Closed","2025-12-31T00:00:00.000","2025-12-31T00:00:00.000","Illegal Dumping - City Property","Berkeley","CA","37.8797217090564","-122.27199801962935"
"528347","2025-12-30T00:00:00.000","Closed","2025-12-31T00:00:00.000","2025-12-31T00:00:00.000","Illegal Dumping - City Property","Berkeley","CA","37.8794128435072","-122.27131305339775"
"528348","2025-12-30T00:00:00.000","Closed","2025-12-31T00:00:00.000","2025-12-31T00:00:00.000","Illegal Dumping - City Property","Berkeley","CA","37.87908848352216","-122.27131580864841"
"528349","2025-12-30T00:00:00.000","Closed","2025-12-31T00:00:00.000","2025-12-31T00:00:00.000","Illegal Dumping - City Property","Berkeley","CA","37.878600470895343","-122.27113302850373"
"528350","2025-12-30T00:00:00.000","Closed","2025-12-31T00:00:00.000","2025-12-31T00:00:00.000","Illegal Dumping - City Property","Berkeley","CA","37.878217231679933","-122.27154107581413"
"528352","2025-12-30T00:00:00.000","Closed","2025-12-31T00:00:00.000","2025-12-31T00:00:00.000","Potholes","Berkeley","CA","37.883367","-122.247306"
"528367","2025-12-30T00:00:00.000","Closed","2026-01-05T00:00:00.000","2026-01-05T00:00:00.000","Broken Branch or Tree","Berkeley","CA","37.878651","-122.2591995"
"528399","2025-12-31T00:00:00.000","Closed","2025-12-31T00:00:00.000","2025-12-31T00:00:00.000","Miscellaneous","Berkeley","CA","37.868202","-122.27301"
"528473","2025-12-31T00:00:00.000","Closed","2026-01-02T00:00:00.000","2026-01-02T00:00:00.000","Broken Branch or Tree","Berkeley","CA","37.862694","-122.2610805"
"528475","2025-12-31T00:00:00.000","Closed","2026-01-07T00:00:00.000","2026-01-07T00:00:00.000","Broken Branch or Tree","Berkeley","CA","37.883236656728471","-122.2468016460854"
