openalex_id,title,publication_year,cited_by_count,doi,primary_topic,primary_field,primary_domain,berkeley_authors,abstract,sample_year,sample_seed,source_query_cost_usd
W4391830815,Calcium impregnation during isochoric cold storage to improve postharvest preservation of fresh blueberries,2024,24,https://doi.org/10.1016/j.postharvbio.2024.112841,Postharvest Quality and Shelf Life Management,Agricultural and Biological Sciences,Life Sciences,Boris Rubinsky,"Isochoric cold storage can be used to extend the shelf-life of fresh produce by delaying senescence through storage at subfreezing temperatures as well as hinder microbial growth with pressure. The effect of isochoric impregnation with CaCl2 on qualitative parameters of blueberries during isochoric cold storage at −2.5 °C and refrigerated storage at 5 °C for four weeks was investigated in this study. The results showed the synergistic effect of calcium impregnation and isochoric cold storage on the quality of blueberries. Isochoric impregnated blueberries better retained their weight, had better mechanical properties and had higher nutrient contents (anthocyanins, total phenolics and antioxidant capacity) than non-impregnated blueberries refrigerated at 5 °C. The benefits of isochoric impregnation with CaCl2 were greater for samples stored under isochoric conditions than under refrigerated conditions. However, the impregnated refrigerated samples still had better quality properties than non-impregnated refrigerated samples. Furthermore, panelists found no significant differences in preference for any of the sensory attributes between fresh blueberries and impregnated blueberries. Also, isochoric cold storage inhibited the growth of mesophilic aerobic bacteria, yeasts and molds under isochoric and refrigerated storage conditions. In conclusion, this study showed the possibility of using isochoric cold storage with calcium impregnation to develop ready-to-eat fresh blueberries with higher nutrient content and extended shelf-life.",2024,211,0.0001
W4401690215,"Evolution, perception, and the mind",2024,2,https://doi.org/10.1007/s10339-024-01208-x,Action Observation and Synchronization,Psychology,Social Sciences,Jerome A. Feldman,"The classical mind-body problem persists as one of the deepest scientific mysteries. Despite the grand claims of the new AI, some of the most basic facts of human vision cannot be explained by current or proposed theories of brain structure and function. This paper reviews some well-known mysteries including the neural binding problem, blind sight, subjective experience and prosthetics. There is continuing progress, but the core mysteries of the mind seem to require fundamental advances for any reductionist resolution.",2024,211,0.0001
W4405306856,Cost of dengue in Colombia: A systematic review,2024,9,https://doi.org/10.1371/journal.pntd.0012718,Mosquito-borne diseases and control,Medicine,Health Sciences,Jaime A. Cardona‐Ospina,"BACKGROUND: Dengue is hyperendemic in Colombia. It imposes a substantial economic burden on patients, caregivers, society, and the national health system. We intend to identify and synthesize the evidence regarding the economic burden of dengue in Colombia. METHODS: A systematic review (PROSPERO CRD42021257985) of economic studies was performed. A comprehensive search was completed in PubMed, EMBASE, the Cochrane Library, the LILACS, and SciELO databases. Study selection and data extraction was made by two researchers. RESULTS: 160 records were identified. Of these, 14 studies were selected for data extraction. Direct medical cost of dengue is mainly represented by hospitalization (USD 823 to 1,754). The annual aggregated cost is near to USD 159.6 million, with ambulatory care (USD 90.1 million) and fatal cases (USD 30.7 million) representing 75% of the total cost. The aggregate indirect cost (due to loss in income while sick or as a caretaker) was USD 92.8 million. Vaccination seems to reduce the economic cost of dengue. CONCLUSIONS: Dengue financial burden could be challenging for low-income communities as those affected in Colombia. An integrated approach including vector control and the introduction of a vaccine for dengue has the potential to reduce the economic burden of the disease.",2024,211,0.0001
W4401553105,The role of deep hybridization in fern speciation: Examples from the Thelypteridaceae,2024,14,https://doi.org/10.1002/ajb2.16388,Fern and Epiphyte Biology,Agricultural and Biological Sciences,Life Sciences,Israel Borokini; Susan Fawcett,"PREMISE: Hybridization is recognized as an important mechanism in fern speciation, with many allopolyploids known among congeners, as well as evidence of ancient genome duplications. Several contemporary instances of deep (intergeneric) hybridization have been noted, invariably resulting in sterile progeny. We chose the christelloid lineage of the family Thelypteridaceae, recognized for its high frequency of both intra- and intergeneric hybrids, to investigate recent hybrid speciation between deeply diverged lineages. We also seek to understand the ecological and evolutionary outcomes of resulting lineages across the landscape. METHODS: By phasing captured reads within a phylogenomic data set of GoFlag 408 nuclear loci using HybPhaser, we investigated candidate hybrids to identify parental lineages. We estimated divergence ages by inferring a dated phylogeny using fossil calibrations with treePL. We investigated ecological niche conservatism between one confirmed intergeneric allotetraploid and its diploid progenitors using the centroid, overlap, unfilling, and expansion (COUE) framework. RESULTS: We provide evidence for at least six instances of intergeneric hybrid speciation within the christelloid clade and estimate up to 45 million years of divergence between progenitors. The niche quantification analysis showed moderate niche overlap between an allopolyploid species and its progenitors, with significant divergence from the niche of one progenitor and conservatism to the other. CONCLUSIONS: The examples provided here highlight the overlooked role that allopolyploidization following intergeneric hybridization may play in fern diversification and range and niche expansions. Applying this approach to other fern taxa may reveal a similar pattern of deep hybridization resulting in highly successful novel lineages.",2024,211,0.0001
W4392903942,Task Oriented Dialogue as a Catalyst for Self-Supervised Automatic Speech Recognition,2024,0,https://doi.org/10.1109/icassp48485.2024.10447164,Speech and dialogue systems,Computer Science,Physical Sciences,David M. Chan,"While word error rates of automatic speech recognition (ASR) systems have consistently fallen, natural language understanding (NLU) applications built on top of ASR systems still attribute significant numbers of failures to low-quality speech recognition results. Existing assistant systems collect large numbers of these unsuccessful interactions, but these systems usually fail to learn from these interactions, even in an offline fashion. In this work, we introduce CLC: Contrastive Learning for Conversations, a family of methods for contrastive fine-tuning of models in a self-supervised fashion, making use of easily detectable artifacts in unsuccessful conversations with assistants. We demonstrate that our CLC family of approaches can improve the performance of ASR models on OD3, a new public large-scale semi-synthetic meta-dataset of audio task-oriented dialogues, by up to 19.2%. These gains transfer to real-world systems as well, where we show that CLC can help to improve performance by up to 6.7% over baselines.<sup xmlns:mml=""http://www.w3.org/1998/Math/MathML"" xmlns:xlink=""http://www.w3.org/1999/xlink"">1</sup>",2024,211,0.0001
W4391095450,New Mexico 2023: Riding the Wave of Oil and Gas,2024,0,https://doi.org/10.5070/p2cjpp16163067,Atmospheric and Environmental Gas Dynamics,Environmental Science,Physical Sciences,Kim Seckler,"The 2023 legislative session was a long and productive one in New Mexico. The annual session required legislators to pass a budget while juggling the social and cultural issues of the day. On the budget front, lawmakers were fortunate to witness record breaking revenues as oil and gas production and receipts soared. Simultaneously, tax collections increased and the state economy finally completed its pandemic recovery. Record surpluses and rosy forecasts meant that lawmakers could significantly expand the state budget (over 13%) and still plot how to secure the state’s financial future. Education funding and capital outlay projects were the clear winners. On the social front, bills related to guns, crimes, abortion, and elections all shared the limelight with appropriations requests. At the end of the day, the 2023 legislature passed its largest ever annual budget, while also passing tax rebates and expanded tax credits. Lawmakers took steps towards stabilizing the long term flow of oil and gas money through permanent funds while, on the social front, strengthening abortion access, enacting safe storage gun laws, providing increased funds for public safety, and passing election code reforms.",2024,211,0.0001
W4400952610,Abstract 3039: <i>TOMM40</i> Knockdown In Macrophages Inhibits Oxidized LDL-induced NLRP3 Activation And Promotes Reverse Cholesterol Transport,2024,0,https://doi.org/10.1161/atvb.44.suppl_1.3039,Atherosclerosis and Cardiovascular Diseases,Immunology and Microbiology,Life Sciences,Neil Yang,"Atherogenesis has been shown to be promoted by activation of the NLRP3 inflammasome, a cytosolic innate immune sensor activated by a broad range of factors, including oxidized LDL (oxLDL). Our group has shown that hepatocyte knockdown of Translocase of Outer Mitochondrial Membrane 40 ( TOMM40), which encodes a key component of the mitochondrial importer TOM complex, results in increased levels of oxysterols that activate the transcription factors LXRα and β. As LXR agonists have been shown to inhibit NLRP3 activation, we tested whether TOMM40 knockdown reduces NLRP3 activation in THP-1 monocyte-derived macrophages. On stimulating these cells with both the NLRP3 activator Nigericin and oxLDL following TOMM40 knockdown by siRNA, we found that pro-inflammatory cytokine release and NLRP3 activation were significantly inhibited (Two-way ANOVA, p&lt;0.0001, n=6). We further showed that TOMM40 knockdown resulted in significant LXRβ upregulation (unpaired t-test, p=0.007, n=3), and reduced oxLDL-induced upregulation of both NLRP3 and CASP1 , which encodes a protein recruited in NLRP3 activation (One-way ANOVA, p=0.0007, n=3). Moreover, pre-treatment with an LXR antagonist, GSK2033, abrogated TOMM40 knockdown-induced NLRP3 inhibition, supporting our hypothesis that this inhibition is likely LXR dependent. Since LXRs are known to promote cholesterol efflux from macrophages, we also examined the effect of TOMM40 knockdown on expression of the cholesterol transporter genes, ABCA1, ABCG1, and SR-B1 , and found that ABCG1 and SR-B1 were significantly upregulated (unpaired t-test, p=0.02 and p=0.003 respectively, n=3). Taken together, these findings identify mechanisms by which TOMM40 knockdown exerts anti-inflammatory effects and promotes reverse cholesterol transport. While TOMM40 has been studied largely in relation to APOE and neurodegenerative disease due to its genomic location, we identify a novel potential impact of TOMM40 on atherogenesis.",2024,211,0.0001
W4392578375,Maximal reachable temperatures for Western Europe in current climate,2024,0,https://doi.org/10.5194/egusphere-egu24-11046,Plant Ecology and Soil Science,Environmental Science,Physical Sciences,Yi Zhang,"Human bodies, ecosystems and infrastructures display a non-linear sensibility to extreme temperatures occurring during heatwave events. Preparing for such events entails to know how high surface air temperatures can go. Here we examine the maximal reachable temperatures in Western Europe. Taking the July 2019 record-breaking heatwave as a case study and employing a flow analogues methodology, we find that temperatures exceeding 50&amp;#8201;&amp;#8728;C cannot be ruled out in most urban areas, even under current climate conditions. We analyze changes in the upper bound of surface air temperatures between the past (1940&amp;#8211;1980) and present (1981&amp;#8211;2021) periods. Our results show that the significant increase in daily maximum temperatures in the present period is only partially explained by the increase of the upper bound. Our results suggest that most of the warming of daily maximum surface temperatures result from strengthened diabatic surface fluxes rather than free troposphere warming.",2024,211,0.0001
W4402844916,Getting Down to Business: Chain Ownership and Fertility Clinic Performance,2024,10,https://doi.org/10.1287/mnsc.2023.02793,Reproductive Health and Technologies,Medicine,Health Sciences,Ambar La Forgia,"Acquisitions by corporate entities have fueled the growth of chain organizations in healthcare. A chain is a multiunit firm under the same ownership and management providing similar services in different locations. Chain ownership has been credited with boosting firm performance in the retail and service sectors but has been criticized for prioritizing profits over the well-being of patients in the healthcare sector. This paper finds that chain ownership improves healthcare outcomes in the market for in vitro fertilization (IVF). Using novel data on U.S. fertility clinics and difference-in-differences methods, we find that IVF cycles increase by 27.2%, and IVF success rates increase by 13.6% after acquisition by a fertility chain. We provide evidence that fertility chains facilitate resource and knowledge transfers needed to enhance quality and expand the IVF market. For example, acquired clinics change IVF processes and procedures to achieve the IVF gold standard of simultaneously reducing higher-risk multiple births and increasing singleton births. We discuss how the fertility sector’s relatively minimal market frictions and information asymmetries may incentivize chain owners to invest in quality. This paper was accepted by Stefan Scholtes, healthcare management. Supplemental Material: The online appendix and data files are available at https://doi.org/10.1287/mnsc.2023.02793 .",2024,211,0.0001
W4405675564,Timing of Menarche and Menopause and Epigenetic Aging among U.S. Adults: Results from the National Health and Nutrition Examination Survey 1999-2002,2024,0,https://doi.org/10.1101/2024.12.19.24319271,"Birth, Development, and Health",Medicine,Health Sciences,Julianna Deardorff; Saher Daredia,"ABSTRACT Reproductive aging, including timing of menarche and menopause, influences long-term morbidity and mortality in women, yet underlying biological mechanisms remain poorly understood. Using DNA methylation-based biomarkers, we assessed associations of age at menarche (N=1,033) and menopause (N=658) with epigenetic aging in a nationally representative sample of women ≥50 years. Later age at menopause was associated with lower GrimAge epigenetic age deviation ( B = -0.10 years, 95% CI: -0.19, -0.02). No associations were observed for menarche timing. This suggests a connection between earlier menopause and biological aging, with potential clinical implications for identifying those at high risk for age-related disease.",2024,211,0.0001
W4400773625,Methods to Study Human Memory,2024,0,https://doi.org/10.1093/oxfordhb/9780190917982.013.5,Memory and Neural Mechanisms,Neuroscience,Life Sciences,Mark D’Esposito; Robert T. Knight,"Abstract A wide range of methods have advanced understanding of the neural mechanisms underlying human memory function. For decades, the lesion approach served as the gold standard in localizing function and establishing causal relationships between anatomy and behavior. Since the 1990s, a wealth of evidence from neuroimaging (positron emission tomography and functional magnetic resonance imaging) and neurophysiological studies (magnetoelectroencephalography, scalp electroencephalography [EEG], intracranial EEG, and single-unit recordings) has provided more detailed insights into the functional mechanisms of large-scale neuronal networks that enable memory formation. In addition, methodological advances in the ability to alter brain activity through electrical or magnetic stimulation have offered new insights into the role of such activity in causally modulating memory encoding, consolidation, and retrieval. This chapter reviews these methodological approaches and their strengths and weaknesses in addressing theoretical issues in memory research.",2024,211,0.0001
W4401538881,Why Now? Thoughts on the Du Boisian Revolution,2024,6,https://doi.org/10.1111/soc4.13264,Contemporary Sociological Theory and Practice,Social Sciences,Social Sciences,Michael Burawoy,"ABSTRACT In this editorial collection, five sociologists share their opinions on why there has been a recent proliferation of scholarship on Du Bois, and summarize their own position in relation to this intellectual area. Ranging from reflections on how they “discovered” Du Bois's works, through to assessments of American sociology's reception of Du Bois's scholarship, the idea of this brief piece is to provide an insight into some of the potential driving forces behind the boom in Du Boisian scholarship.",2024,211,0.0001
W4395096846,A 60-GHz Phase-Locked Loop Using Standing- Wave Oscillator for Clock Distribution in 2-D Phased-Array,2024,3,https://doi.org/10.1109/lmwt.2024.3388933,Advancements in PLL and VCO Technologies,Engineering,Physical Sciences,Jun‐Chau Chien,"This letter presents a 60-GHz analog phase-locked loop (PLL) incorporating a half-wavelength standing-wave oscillator (SWO) as part of the clock distribution network in a sub-THz 2-D phased-array transceiver. The frequency is selected as one-fourth of the target carrier frequency to comply with the 625- <inline-formula xmlns:mml=""http://www.w3.org/1998/Math/MathML"" xmlns:xlink=""http://www.w3.org/1999/xlink""> <tex-math notation=""LaTeX"">$\mu$</tex-math> </inline-formula> m half-wavelength element spacing requirement while facilitating array scaling. The PLL features a sampler-based phase detector (PD) and retiming flip-flop at the divider chain output to ensure minimal noise injection. Fabricated in TSMC 28-nm CMOS, the measurement results show an integrated jitter of 87.5 fsec from 1 kHz to 100 MHz. Consuming 31.35 mW of power, the presented PLL achieves a figure-of-merit of <inline-formula xmlns:mml=""http://www.w3.org/1998/Math/MathML"" xmlns:xlink=""http://www.w3.org/1999/xlink""> <tex-math notation=""LaTeX"">$-$</tex-math> </inline-formula> 270 dB.",2024,211,0.0001
W4403448329,The Influence of Fault Geometrical Complexity on Surface Rupture Length,2024,26,https://doi.org/10.1029/2024gl109957,Geophysical Methods and Applications,Engineering,Physical Sciences,Kélian Dascher-Cousineau,"Abstract Propagating earthquakes must overcome geometrical complexity on fault networks to grow into large, surface rupturing events. We map step‐overs, bends, gaps, splays, and strands of length scales ∼100–500 m from the surface ruptures of 31 strike‐slip earthquakes, recording whether ruptures propagated past the feature. We find that step‐overs and bends can arrest rupture and develop a statistical model for passing probability as a function of geometry for each group. Step‐overs wider than 1.2 km, single bends larger than 32°, and double bends larger than 38° are breached by rupture half of the time. ∼20% of the ruptures terminate on straight segments. We examine how the distribution of geometrical complexity influences surface rupture length, inferring an exponential relationship between rupture length and event probability. Our findings support that geometrical complexity helps limit the size of large events and provide insights into the competition between energy supply and dissipation during rupture propagation.",2024,211,0.0001
W4401688627,Protection of the Telomeric Junction by the Shelterin Complex,2024,0,https://doi.org/10.1101/2024.08.18.608453,"Telomeres, Telomerase, and Senescence",Medicine,Health Sciences,Ahmet Yıldız; Amanda Jack,"Abstract Shelterin serves critical roles in suppressing superfluous DNA damage repair pathways on telomeres. The junction between double-stranded telomeric tracts (dsTEL) and single-stranded telomeric overhang (ssTEL) is the most accessible region of the telomeric DNA. The shelterin complex contains dsTEL and ssTEL binding proteins and can protect this junction by bridging between the ssTEL and dsTEL tracts. To test this possibility, we monitored shelterin binding to telomeric DNA substrates with varying ssTEL and dsTEL lengths and quantified its impact on telomere accessibility using single-molecule fluorescence microscopy methods in vitro . We identified the first dsTEL repeat nearest to the junction as the preferred binding site for creating the shelterin bridge. Shelterin requires at least two ssTEL repeats while the POT1 subunit of shelterin that binds to ssTEL requires longer ssTEL tracts for stable binding to telomeres and effective protection of the junction region. The ability of POT1 to protect the junction is significantly enhanced by the 5’-phosphate at the junction. Collectively, our results show that shelterin enhances the binding stability of POT1 to ssTEL and provides more effective protection compared to POT1 alone by bridging single- and double-stranded telomeric tracts. Table of Content Graphic",2024,211,0.0001
W4400430369,Integrating Ecological Value and Charismatic Species Habitats to Prioritize Habitats for Conservation: A Case Study from Greater Yellowstone,2024,2,https://doi.org/10.3375/2162-4399-44.3.157,Economic and Environmental Valuation,"Economics, Econometrics and Finance",Social Sciences,Arthur D. Middleton,"Expanding human pressure has reduced natural habitats globally and motivated strategies to conserve remaining natural habitats. Decisions about conservation on private lands, however, are typically made by local stakeholders who are motivated by the elements of nature they most highly value. Thus, national prioritization for conservation should be complemented by local analysis of species or habitats that most influence local landowner decisions. We demonstrate within the Greater Yellowstone Ecosystem how quantitative mapping of wildlife species that are highly valued by local residents can be integrated with indices of ecosystem integrity to prioritize private lands for conservation. We found that natural vegetation cover (NVC) comprised 81% of the private lands. Some watersheds have lost 6% of NVC since 2001 and developed lands now cover >40% of their areas. Locations high in ecological value, elk habitat, and grizzly habitat occurred in different biophysical settings. Consequently, only 2% of the NVC supports high levels of all three biodiversity measures and 26% of this area was within conservation easements. The remaining areas of high biodiversity value that are unprotected are priorities for conservation. We suggest that national-scale conservation planning will be most effective on private lands if additional within-ecoregion analyses are done on the elements of biodiversity that are most valued by local people.",2024,211,0.0001
W4394764652,Beyond open access: Book publishing in a metric culture,2024,1,https://doi.org/10.1111/area.12943,Academic Publishing and Open Access,Decision Sciences,Social Sciences,Clancy Wilmott,"Abstract This short commentary responds to Gandy's (2023) piece ‘Books under threat: Open access publishing and the neo‐liberal academy’. It argues that the requirement for open access in UK Research and Innovation (UKRI) grants does not mark a major turning point in academic publishing, but rather is simply the latest trend in a series of changes which have seen academic inequalities redistributed under a metric culture.",2024,211,0.0001
W4392198751,Author Response: Control of meiotic entry by dual inhibition of a key mitotic transcription factor,2024,0,https://doi.org/10.7554/elife.90425.3.sa2,Epigenetics and DNA Methylation,"Biochemistry, Genetics and Molecular Biology",Life Sciences,Amanda Su; Elçin Ünal; Siri C. Yendluri,Investigation of how cells rewire their transcriptional programs during transition from mitotic to meiotic cell fate reveals a two-pronged mechanism for inactivating a key mitotic transcription factor.,2024,211,0.0001
W4405487215,Generative Social Choice,2024,12,https://doi.org/10.1145/3670865.3673547,Evolutionary Game Theory and Cooperation,Social Sciences,Social Sciences,Paul Gölz,"The mathematical study of voting, social choice theory, has traditionally only been applicable to choices among a few predetermined alternatives, but not to open-ended decisions such as collectively selecting a textual statement. We introduce generative social choice, a design methodology for open-ended democratic processes that combines the rigor of social choice theory with the capability of large language models to generate text and extrapolate preferences. Our framework divides the design of AI-augmented democratic processes into two components: first, proving that the process satisfies representation guarantees when given access to oracle queries; second, empirically validating that these queries can be approximately implemented using a large language model. We apply this framework to the problem of summarizing free-form opinions into a proportionally representative slate of opinion statements; specifically, we develop a democratic process with representation guarantees and use this process to represent the opinions of participants in a survey about chatbot personalization. In a trial with 100 representative US residents, we find that 93 out of 100 participants feel ""mostly"" or ""perfectly"" represented by the slate of five statements we extracted. By providing rigorous guarantees through social choice, our work alleviates concerns about AI-driven democratic innovation and helps unlock its potential.",2024,211,0.0001
W4401946817,"Communication, coordination, and surveillance in the shadow of repression",2024,5,https://doi.org/10.1111/ajps.12904,Opinion Dynamics and Social Influence,Physics and Astronomy,Physical Sciences,Andrew T. Little; Tak‐Huen Chau,"Abstract Communication technology helps protesters organize, but also allows the government to monitor and repress their actions. We study this trade‐off in a model where protesters want to show up at the same time and place, but also want to avoid government forces. If leaders of a movement can send messages observed only by other protesters, they can successfully coordinate on a variety of sites and force the government to spread resources thin, helping the success of the movement. If the government always observes the messages too, protesters can do no better than always going to a “focal site” knowing that the government will send all resources there as well, and thus experience higher levels of repression for the sake of coordinating tactics. Intermediate cases where messages are partially observed generate dynamics where new technologies and media that are relatively known to other protesters and not the government are used until the government can reliably infiltrate them and the protesters move on to a new medium. When some protesters are more informed than others, the model can explain protest tactics observed in recent prominent cases like having smaller “parallel” protests at the same time but different location of the main gathering.",2024,211,0.0001
W4404139690,Choice Frictions in Large Assortments,2024,7,https://doi.org/10.1287/mksc.2023.0415,Consumer Market Behavior and Pricing,"Business, Management and Accounting",Social Sciences,Olivia Natan,This paper studies how expanding product assortments on an online food delivery platform increases consumer acquisition but decreases purchase frequency among existing customers.,2024,211,0.0001
W4405622476,Heat-related mortality in Mexico: A multi-scale spatial analysis of extreme heat effects and municipality-level vulnerability,2024,10,https://doi.org/10.1016/j.envint.2024.109231,Climate Change and Health Impacts,Environmental Science,Physical Sciences,David J. X. González; Lara Schwarz,"Understanding effects of extreme heat across diverse settings is critical as social determinants play an important role in modifying heat-related risks. We apply a multi-scale analysis to understand spatial variation in the effects of heat across Mexico and explore factors that are explaining heterogeneity. Daily all-cause mortality was collected from the Mexican Secretary of Health and municipality-specific extreme heat events were estimated using population-weighted temperatures from 1998 to 2019 using Daymet and WorldPop datasets. We analyzed the association between single-day extreme heat events defined at the 99th percentile of the same-day maximum temperature and mortality, and seven heat threshold metrics based on relative and absolute scales were considered as sensitivity analyses. A time-stratified case-crossover was applied to evaluate heat impacts across 32 states in Mexico. A within-community matched design with Bayesian Hierarchical model explored effects across 2456 municipalities. A random-effects meta-regression was applied to understand which municipality-level socio-demographic characteristics such as education, age and housing predicted observed spatial heterogeneity. Extreme heat increased the odds of mortality overall, and this was consistent across extreme heat thresholds. At the state level, extreme heat events showed highest impact on mortality in Tabasco [OR: 1.23, 95% CI: 1.17, 1.30]. The municipality-level spatial analysis showed substantial differences across regions with highest effects observed along the eastern, southwestern and Sonora coasts. Municipalities with older populations, higher marginalization, lower education, and poorer housing conditions were more vulnerable to heat effects. Understanding the differential risks of extreme heat events at varying scales is important to prioritize at-risk populations in action plans and policies to reduce their burden.",2024,211,0.0001
W4399054206,Civil Service Adoption in America: The Political Influence of City Employees,2024,8,https://doi.org/10.1017/s0003055424000431,Public Policy and Administration Research,Social Sciences,Social Sciences,Sarah F. Anzia,"At the turn of the twentieth century, most cities in America featured a patronage-based system of governance, but over the next few decades, patronage was replaced by civil service. Civil service restructured the relationship between elected officials and government employees, with employees benefiting from a variety of new protections. Yet in studying this change, scholars have largely ignored the role local employees themselves might have played in the transformation. We argue that city employees stood to benefit from civil service, and in places where they had agency and clout, they were important drivers of its adoption. We collected a dataset for more than 1,000 municipal governments, determining whether and when they adopted civil service and whether their employees were organized in an occupational organization. Our analysis of these new data shows the influence of city employees was an important contributor to the spread of civil service in American local government.",2024,211,0.0001
W4365211514,The Atacama Cosmology Telescope: A Measurement of the DR6 CMB Lensing Power Spectrum and Its Implications for Structure Growth,2024,255,https://doi.org/10.3847/1538-4357/acfe06,Astronomy and Astrophysical Research,Physics and Astronomy,Physical Sciences,Kevin T. Crowley; Simone Ferraro,"Abstract We present new measurements of cosmic microwave background (CMB) lensing over 9400 deg 2 of the sky. These lensing measurements are derived from the Atacama Cosmology Telescope (ACT) Data Release 6 (DR6) CMB data set, which consists of five seasons of ACT CMB temperature and polarization observations. We determine the amplitude of the CMB lensing power spectrum at 2.3% precision (43 σ significance) using a novel pipeline that minimizes sensitivity to foregrounds and to noise properties. To ensure that our results are robust, we analyze an extensive set of null tests, consistency tests, and systematic error estimates and employ a blinded analysis framework. Our CMB lensing power spectrum measurement provides constraints on the amplitude of cosmic structure that do not depend on Planck or galaxy survey data, thus giving independent information about large-scale structure growth and potential tensions in structure measurements. The baseline spectrum is well fit by a lensing amplitude of A lens = 1.013 ± 0.023 relative to the Planck 2018 CMB power spectra best-fit ΛCDM model and A lens = 1.005 ± 0.023 relative to the ACT DR4 + WMAP best-fit model. From our lensing power spectrum measurement, we derive constraints on the parameter combination <mml:math xmlns:mml=""http://www.w3.org/1998/Math/MathML"" overflow=""scroll""> <mml:msubsup> <mml:mrow> <mml:mi>S</mml:mi> </mml:mrow> <mml:mrow> <mml:mn>8</mml:mn> </mml:mrow> <mml:mrow> <mml:mi>CMBL</mml:mi> </mml:mrow> </mml:msubsup> <mml:mo>≡</mml:mo> <mml:msub> <mml:mrow> <mml:mi>σ</mml:mi> </mml:mrow> <mml:mrow> <mml:mn>8</mml:mn> </mml:mrow> </mml:msub> <mml:msup> <mml:mrow> <mml:mfenced close="")"" open=""(""> <mml:mrow> <mml:msub> <mml:mrow> <mml:mi mathvariant=""normal"">Ω</mml:mi> </mml:mrow> <mml:mrow> <mml:mi>m</mml:mi> </mml:mrow> </mml:msub> <mml:mrow> <mml:mo stretchy=""true"">/</mml:mo> </mml:mrow> <mml:mn>0.3</mml:mn> </mml:mrow> </mml:mfenced> </mml:mrow> <mml:mrow> <mml:mn>0.25</mml:mn> </mml:mrow> </mml:msup> </mml:math> of <mml:math xmlns:mml=""http://www.w3.org/1998/Math/MathML"" overflow=""scroll""> <mml:msubsup> <mml:mrow> <mml:mi>S</mml:mi> </mml:mrow> <mml:mrow> <mml:mn>8</mml:mn> </mml:mrow> <mml:mrow> <mml:mi>CMBL</mml:mi> </mml:mrow> </mml:msubsup> <mml:mo>=</mml:mo> <mml:mn>0.818</mml:mn> <mml:mo>±</mml:mo> <mml:mn>0.022</mml:mn> </mml:math> from ACT DR6 CMB lensing alone and <mml:math xmlns:mml=""http://www.w3.org/1998/Math/MathML"" overflow=""scroll""> <mml:msubsup> <mml:mrow> <mml:mi>S</mml:mi> </mml:mrow> <mml:mrow> <mml:mn>8</mml:mn> </mml:mrow> <mml:mrow> <mml:mi>CMBL</mml:mi> </mml:mrow> </mml:msubsup> <mml:mo>=</mml:mo> <mml:mn>0.813</mml:mn> <mml:mo>±</mml:mo> <mml:mn>0.018</mml:mn> </mml:math> when combining ACT DR6 and Planck NPIPE CMB lensing power spectra. These results are in excellent agreement with ΛCDM model constraints from Planck or ACT DR4 + WMAP CMB power spectrum measurements. Our lensing measurements from redshifts z ∼ 0.5–5 are thus fully consistent with ΛCDM structure growth predictions based on CMB anisotropies probing primarily z ∼ 1100. We find no evidence for a suppression of the amplitude of cosmic structure at low redshifts.",2024,211,0.0001
W4403158810,Super-resolution microscopy unveils the nanoscale organization and self-limiting clustering of CD47 in human erythrocytes,2024,9,https://doi.org/10.1093/jmcb/mjae041,Erythrocyte Function and Pathophysiology,Medicine,Health Sciences,Ke Xu; Rui Yan; Wan Li,"The transmembrane protein CD47, an innate immune checkpoint protein, plays a pivotal role in preventing healthy erythrocytes from immune clearance. Our study utilized stochastic optical reconstruction microscopy (STORM) and single-molecule analysis to investigate the distribution of CD47 on the human erythrocyte membrane. Contrary to previous findings in mouse erythrocytes, we discovered that CD47 exists in randomly distributed monomers rather than in clusters across the human erythrocyte membrane. Using secondary antibody-induced crosslinking, we found that CD47 aggregates into stable clusters within minutes. By comparing these STORM results with those of the fully mobile protein CD59 and the cytoskeleton-bound membrane protein glycophorin C under similar conditions, as well as devising two-color STORM co-labeling and co-clustering experiments, we further quantitatively revealed an intermediate, self-limiting clustering behavior of CD47, elucidating its fractional (∼14%) attachment to the cytoskeleton. Moreover, we report reductions in both the amount of CD47 and its clustering capability in aged erythrocytes, providing new insight into erythrocyte senescence. Together, the combination of STORM and secondary antibody-based crosslinking unveils the unique self-limiting clustering behavior of CD47 due to its fractional cytoskeleton attachment.",2024,211,0.0001
W4402666544,Electronic descriptors for dislocation deformation behavior and intrinsic ductility in bcc high-entropy alloys,2024,64,https://doi.org/10.1126/sciadv.adp7670,High Entropy Alloys Studies,Engineering,Physical Sciences,Mark Asta; Pedro P. P. O. Borges; Robert O. Ritchie,"Controlling the balance between strength and damage tolerance in high-entropy alloys (HEAs) is central to their application as structural materials. Materials discovery efforts for HEAs are therefore impeded by an incomplete understanding of the chemical factors governing this balance. Through first-principles calculations, this study explores factors governing intrinsic ductility of a crucial subset of HEAs-those with a body-centered cubic (bcc) crystal structure. Analyses of three sets of bcc HEAs comprising nine different compositions reveal that alloy chemistry profoundly influences screw dislocation core structure, dislocation vibrational properties, and intrinsic ductility parameters derived from unstable stacking fault and surface energies. Key features in the electronic structure are identified that correlate with these properties: the fraction of occupied bonding states and bimodality of the d-orbital density of states. The findings enhance the fundamental understanding of the origins of intrinsic ductility and establish an electronic structure-based framework for computationally accelerated materials discovery and design.",2024,211,0.0001
W4400901220,Structural variation in humans and our primate kin in the era of telomere-to-telomere genomes and pangenomics,2024,13,https://doi.org/10.1016/j.gde.2024.102233,Chromosomal and Genetic Variations,Agricultural and Biological Sciences,Life Sciences,Joana L. Rocha; Peter H. Sudmant; Runyang Nicolas Lou,"Structural variants (SVs) account for the majority of base pair differences both within and between primate species. However, our understanding of inter- and intra-species SV has been historically hampered by the quality of draft primate genomes and the absence of genome resources for key taxa. Recently, advances in long-read sequencing and genome assembly have begun to radically reshape our understanding of SVs. Two landmark achievements include the publication of a human telomere-to-telomere (T2T) genome as well as the development of the first human pangenome reference. In this review, we first look back to the major works laying the foundation for these projects. We then examine the ways in which T2T genome assemblies and pangenomes are transforming our understanding of and approach to primate SV. Finally, we discuss what the future of primate SV research may look like in the era of T2T genomes and pangenomics.",2024,211,0.0001
W4403895583,De novo-designed minibinders expand the synthetic biology sensing repertoire,2024,3,https://doi.org/10.7554/elife.96154.2,CAR-T cell therapy research,Medicine,Health Sciences,Devan H Shah,"Abstract Synthetic and chimeric receptors capable of recognizing and responding to user-defined antigens have enabled “smart” therapeutics based on engineered cells. These cell engineering tools depend on antigen sensors which are most often derived from antibodies. Advances in the de novo design of proteins have enabled the design of protein binders with the potential to target epitopes with unique properties and faster production timelines compared to antibodies. Building upon our previous work combining a de novo-designed minibinder of the Spike protein of SARS-CoV-2 with the synthetic receptor synNotch (SARSNotch), we investigated whether minibinders can be readily adapted to a diversity of cell engineering tools. We show that the Spike minibinder LCB1 easily generalizes to a next-generation proteolytic receptor SNIPR that performs similarly to our previously reported SARSNotch. LCB1-SNIPR successfully enables the detection of live SARS-CoV-2, an improvement over SARSNotch which can only detect cell-expressed Spike. To test the generalizability of minibinders to diverse applications, we tested LCB1 as an antigen sensor for a chimeric antigen receptor (CAR). LCB1-CAR enabled CD8+ T cells to cytotoxically target Spike-expressing cells. We further demonstrate that two other minibinders directed against the clinically relevant epidermal growth factor receptor are able to drive CAR-dependent cytotoxicity with efficacy similar to or better than an existing antibody-based CAR. Our findings suggest that minibinders represent a novel class of antigen sensors that have the potential to dramatically expand the sensing repertoire of cell engineering tools.",2024,211,0.0001
W4404591687,Equity-driven investments in community energy systems: an optimization model applied to Washington State,2024,1,https://doi.org/10.1088/2634-4505/ad951e,Smart Grid Energy Management,Engineering,Physical Sciences,Slavomir Major,"Abstract This paper presents the development and application of the equity and climate impacts optimization in community energy (ECOCE) model, a mixed integer linear tool designed to optimize equity-driven investment in community solar projects (CSPs). By providing insight on a variety of impacts of CSP investments, including electricity bill savings, solar production, and greenhouse gas emissions reduction, the model assists policymakers in understanding the possible trade-offs in benefits and impacts of CSP investments. Using a detailed case study of a one-time $100 million investment in CSPs in Washington State, the model evaluates potential scenarios under various funding distributions to determine the optimal allocation of state funds. The study highlights considerations of geographical equity and participation, trade-offs between maximizing greenhouse gas reductions and minimizing energy burden, and the potential to use the model in different regional contexts. The findings suggest that targeted investments can provide significant electricity bill savings ($6.5–8.5 million annually) for low-income communities while contributing to state decarbonization goals (4–42 kTons of avoided emissions annually) in Washington State, though political and practical considerations may influence the feasibility of these optimized allocations. The ECOCE model provides a robust framework for decision-makers aiming to balance a variety of political, equity, and climate change mitigation considerations in the transition to renewable energy.",2024,211,0.0001
W4399907569,Near-infrared nanosensors enable optical imaging of oxytocin with selectivity over vasopressin in acute mouse brain slices,2024,13,https://doi.org/10.1073/pnas.2314795121,Neuroendocrine regulation and behavior,Psychology,Social Sciences,Esther Leem; Jaewan Mun; Markita P. Landry; Nicholas Ouassil; Nicole Navarro,"Oxytocin plays a critical role in regulating social behaviors, yet our understanding of its function in both neurological health and disease remains incomplete. Real-time oxytocin imaging probes with spatiotemporal resolution relevant to its endogenous signaling are required to fully elucidate oxytocin's role in the brain. Herein, we describe a near-infrared oxytocin nanosensor (nIROXT), a synthetic probe capable of imaging oxytocin in the brain without interference from its structural analogue, vasopressin. nIROXT leverages the inherent tissue-transparent fluorescence of single-walled carbon nanotubes (SWCNT) and the molecular recognition capacity of an oxytocin receptor peptide fragment to selectively and reversibly image oxytocin. We employ these nanosensors to monitor electrically stimulated oxytocin release in brain tissue, revealing oxytocin release sites with a median size of 3 µm in the paraventricular nucleus of C57BL/6 mice, which putatively represents the spatial diffusion of oxytocin from its point of release. These data demonstrate that covalent SWCNT constructs, such as nIROXT, are powerful optical tools that can be leveraged to measure neuropeptide release in brain tissue.",2024,211,0.0001
W4400785612,Elucidating the role of Cr migration in Ni-Cr exposed to molten FLiNaK via multiscale characterization,2024,13,https://doi.org/10.1016/j.actamat.2024.120206,Nuclear Materials and Properties,Materials Science,Physical Sciences,A.M. Kennedy; Andrew M. Minor; Mark Asta; Nathan Bieberdorf; Raluca O. Scarlat; Ryan D. Hayes; Sean H. Mills; Steven E. Zeltmann,"Structural materials used in nuclear reactor environments are subjected to coupled extremes such as high temperature, irradiation, and corrosion which act in concert to degrade their functional performance. Connecting alloy microstructure such as grain boundaries, and accumulating point defects with corrosion attack and pore morphology is critical to understanding underlying mechanisms. We uncover the compositional variations and morphology at multiple length scales in corrosion-damaged Ni-Cr alloy after exposure to oxidants in molten fluoride salts. A complex network of dense corrosion pores is detected by surface-level SEM observations. The corrosion pores take on a 1-dimensional morphology and are enriched with Ni and depleted of Cr 1–5 µm from the pore surface. STEM-EDS and 4D-STEM strain maps acquired simultaneously highlight the local variations in composition and structure of a ≤ 200 nm Cr-rich layer identified from a cross-section taken at the bottom of an isolated corrosion pore between the Ni-Cr alloy matrix and the embedded salt. However, the absence of an observed interface between the Ni-Cr alloy matrix and the FCC-structured Cr-rich layer suggests that Cr plating from the salt did not transpire. These findings support a proposed Cr lattice diffusion mechanism rather than Cr-precipitation from the salt to accommodate temperature transient conditions during sample cooling. Through the development of a 1D phase field model, these results are rationalized by formation energies for the Ni- and Cr-oxidation into the molten salt. This study reveals the locally altered microstructure caused by high temperature corrosion in non-steady-state molten salt nuclear reactor environments.",2024,211,0.0001
W4392911760,Construction of Seven-Membered Oxacycles Using a Rh(I)-Catalyzed Cascade C–C Formation/Cleavage of Cyclobutenol Derivatives,2024,3,https://doi.org/10.1021/acs.joc.3c02914,Synthetic Organic Chemistry Methods,Chemistry,Physical Sciences,Christina G. Na; Jin Su Ham; Richmond Sarpong,"Herein, we describe the synthesis of substituted oxepane derivatives through the skeletal remodeling of 4-hydroxy-2-cyclobutenones, which are readily prepared from commercially available dialkyl squarates upon their reaction with acrylonitrile. Mechanistically, a Rh(I)-catalyzed C–C bond formation and cleavage cascade is proposed. Specifically, a fused [3.2.0] bicycle is proposed to form from dialkyl squarate-derived cyclobutenols via an unusual Rh(I)-catalyzed intermolecular oxa-Michael addition of a tertiary alcohol with acrylonitrile, followed by an intramolecular conjugate addition/migratory insertion. Subsequent C(sp 3 )–C(sp 3 ) bond cleavage through a Rh-catalyzed β-carbon elimination is then theorized to furnish the oxepane scaffold. Computational studies support the formation of an intermediate [3.2.0] bicycle but also point to an alternative pathway for the formation of the oxepane products involving a Rh(III) intermediate. Additional studies have shown the overall process to be stereoretentive. The functional groups that are introduced in this process can be leveraged to form fused or bridged ring systems.",2024,211,0.0001
W4400290818,The Vertical Aerosol Structure of Jupiter&amp;#8217;s Great Red Spot from JWST/MIRI 5 - 7 &amp;#181;m Spectroscopy,2024,0,https://doi.org/10.5194/epsc2024-479,Astro and Planetary Science,Physics and Astronomy,Physical Sciences,Imke de Pater; Michael H. Wong; P. G. J. Irwin,"The Great Red Spot (GRS) is a remarkable feature of the Jovian atmosphere. Situated within the South Tropical Zone, it dominates the morphology of the southern hemisphere. Numerous spacecraft have visited Jupiter, but they have either lacked the mid-infrared instruments required to assess tropospheric structure and composition, or have been fly-by missions with insufficient time to probe such a specific part of the Jovian atmosphere. Ground-based observatories are capable of characterising this spectral region, often with higher spatial and spectral resolutions than space-based observatories. However, telluric absorption and the limited spectral coverage offered by narrow filters allows only a handful of discrete altitudes to be probed. As a result, there are still numerous unanswered questions regarding the aerosol formation processes, composition as well as the driving mechanism and longevity of the vortex.JWST/MIRI observed the GRS in July and August 2022 as part of a Guaranteed-Time programme (Cycle 1 &amp;#8211; GTO 1246). The Medium Resolution Spectrometer (MRS) was used, allowing the full 5 &amp;#8211; 28 &amp;#181;m spectral region to be observed in the 6.6 x 7.7 arcsec field of view. This included the first ever mapping of the 5.5 &amp;#8211; 7.7 &amp;#181;m range on Jupiter, a transitional region between thermal emission at long wavelengths and reflected sunlight at shorter wavelengths. This range required spectral models that considered multiple scattering of photons, which allowed us to probe the elevated aerosol structure dominating the GRS vortex in unprecedented detail. Firstly, the vertical temperature structure was constrained in the 7.3 &amp;#8211; 10.8 &amp;#181;m range using the NEMESIS atmospheric retrieval software (Irwin et al., doi: 10.1016/j.jqsrt.2007.11.006). Secondly, these temperatures were used to map the 3D aerosol and gaseous distributions within the GRS in the 4.9 &amp;#8211; 7.3 &amp;#181;m range. Various models were used to reproduce the observed spectra and the implications of these observations were assessed through comparison to theoretical models. A further comparison of the retrieved distribution of ammonia and water to this inferred aerosol abundance allowed us to speculate on the cloud formation processes taking place within the troposphere. Meanwhile, an analysis of the retrieved phosphine distribution enabled us to identify regions of convective upwelling outside the vortex. A considerable phosphine excess inferred above the GRS was linked to the higher aerosol opacity within the vortex. Potentially, this opacity shields phosphine from the UV light that would normally photolyse and remove it. Finally, the medium-resolution spectroscopy of the instrument was also used to search for spectral signatures of atmospheric species that cannot be detected from the ground. The 9.5 &amp;#181;m ammonia ice feature was not detected within the GRS wake on this occasion, possibly as a result of it not being present at the altitudes probed within this study, or due to it being rapidly coated by other species that obscure the spectral signature of the ammonia ice.The MIRI data were also acquired alongside visible-light Hubble and near-infrared JWST/NIRCam observations taken close to the same date, probing the colourful upper aerosol layers. A comparison of this context data to the MIRI observations can be seen in Fig. 1. Further observations, courtesy of the VLT/VISIR instrument also provided additional mid-infrared data between the dates of the MIRI observations. This data visualised the whole Jovian disc and thus provided wider spatial context of the GRS&amp;#8217;s interaction with the surrounding atmosphere. In this presentation we will: (i) introduce the retrieval methods used in this study; (ii) describe the inferred deep tropospheric aerosol structure and dynamics of the GRS; and (iii) using the spatial context observations, explore the interaction between the GRS aerosols and the surrounding atmosphere.Figure 1: Comparison of False-colour JWST/MIRI data from channels 1 and 2 to visible context data from (a) Hubble (R=631 nm, G=502 nm, B=395 nm) and (b) Ground-Based amateur observations (Isao Miyazaki, 2024). The left-hand column displays data from 2022-07-28 while the right-hand column displays data from 2022-08-15. Differences in colour between the visible observations are due to different instruments and post-processing techniques being used. The size of the MIRI FOV is indicated by the blue and green lines for channels 1 and 2 respectively. (c) and (d) False-colour images of the ch1-short GRS MIRI data with the relevant visual context image as the background. For both MIRI images; B = 5.40 &amp;#181;m, G = 5.50 &amp;#181;m and R = 5.60 &amp;#181;m. The red band contains reflected sunlight from within a deep ammonia absorption band, indicating strong aerosol reflection rather than temperature. The green and blue bands are dominated by thermal emission, darker blue and green components outside the GRS therefore correspond to thick aerosol layers outside the GRS. (e) and (f) False-colour images of the ch2-short GRS MIRI data. For both; B = 8.62 &amp;#181;m, G = 8.57 &amp;#181;m and R = 8.56 &amp;#181;m. Beyond 7.30 &amp;#181;m, the Jovian spectrum is dominated by thermal emission, darker regions correspond to regions of high aerosol opacity and cooler temperatures. All frames have been shifted to be centred on the GRS longitudinal position in July and August. Subtle changes in colour between epochs are due to the different observing geometries of the observations.",2024,211,0.0001
W4392861376,A Novel Scaffolded Assessment Bridging Concepts and Code,2024,0,https://doi.org/10.1145/3626253.3635509,Teaching and Learning Programming,Computer Science,Physical Sciences,Armando Fox; J. Boreczky; Nathaniel Weinman,"We propose a new exercise format for an upper-division software engineering course. The exercises scaffold the gap between the ""box and arrows"" representation of a complex software architecture and the nuts-and-bolts realization of that architecture in code. A qualitative study with 12 upper-division computer science students explored the effectiveness of these exercises as a teaching tool and opportunities to improve them. All participants desire for these new exercises to be incorporated into their course, self-rating the exercises as educational and confidence-boosting, suggesting these new types of exercises will pave the way for more confident and competent software engineers.",2024,211,0.0001
W4394854997,Of Rarity and Symbolism: Understanding Human Perceptions of Charismatic Color Morphs,2024,7,https://doi.org/10.1007/s10745-024-00492-7,Animal and Plant Science Education,Psychology,Social Sciences,Cesar O. Estien; Christine E. Wilkinson; Christopher J. Schell; Lauren A. Stanton; Tyus Williams,"Abstract Coloration in wildlife serves numerous biological purposes, including sexual selection signaling, thermoregulation, and camouflage. However, the physical appearance of wildlife also influences the ways in which humans interact with them. Wildlife conservation has largely revolved around humans’ propensity to favor charismatic megafauna, but human perceptions of wildlife species extend beyond conservation measures into our everyday interactions with individual wildlife. Our aesthetic appreciation for different species interplays with culture, lore, and the economic interest they carry. As such, one characteristic that may underpin and interact with social drivers of perception is the coloration of a particular individual. We provide case studies illustrating the dynamism in interactions people have with conspicuously colored wildlife – i.e., individuals that vary from their species-typical coloration. We focus on melanism, leucism, and albinism across four species commonly thought of as pests in the United States: coyotes ( Canis latrans ), eastern gray squirrels ( Sciurus carolinensis ), white-tailed deer ( Odocoileus virginianus) , and black-tailed deer ( O. hemionus ).",2024,211,0.0001
W4403613981,"School District Discourse Coalitions and Equity-Focused Policy Innovations in Oakland, California 2020–2021",2024,1,https://doi.org/10.1177/0013161x241289110,Educational Assessment and Improvement,Decision Sciences,Social Sciences,Mahua Baral,"Purpose: To better understand how district leaders at urban school districts innovate and design policies, this study investigated how actors in one district, Oakland Unified School District, discussed ways to improve their education system at school board meetings during 2020 and 2021. Approach: The research used a case study approach to develop a process of inquiry, drawing on theoretical literature on innovation in social fields, empirical work on urban education reforms, and methodological considerations from critical social analysis techniques. It used a variety of qualitative methods to identify critical policy issues and policy innovations, and examined the way actors in two coalitions, each with a different approach to change, used discourse to convey their ideologies about racial equity and justice. Findings: District actors collaboratively designed and passed five innovative policies: school safety, remote learning, climate change, Black reparations, and mental health. While one group, the incumbent discourse coalition, focused attention on fiscal stability and closing underperforming schools, another, the challenger discourse coalition, conveyed strategies on improving schools and surrounding communities through new education policies. Though unexpected crises expedited innovation, the perspectives of the dominant culture were most privileged in the final designs of resolutions. Implications: By using broad theories and generalizable concepts this study shows how discourse in policymaking can be examined in other settings and illustrates ways similar school districts may innovate in their systems.",2024,211,0.0001
W4404281072,Probing the equilibration of the QCD matter created in heavy-ion collisions with dileptons,2024,11,https://doi.org/10.1103/physrevc.110.054904,High-Energy Particle Collisions Research,Physics and Astronomy,Physical Sciences,Lipei Du,"A systematic study of intermediate invariant mass dilepton production in $\mathrm{Pb}+\mathrm{Pb}$ collisions at $\sqrt{{s}_{NN}}=5.02\phantom{\rule{4pt}{0ex}}\mathrm{TeV}$ is performed, using next-to-leading order (NLO) thermal QCD dilepton emission rates with a multistage dynamical approach which includes event-by-event ip-glasma initial conditions, relativistic viscous fluid dynamics, and a hadronic afterburner. Considering dilepton yield and anisotropic flow, special attention is paid to the out-of-equilibrium aspects, both thermal and chemical, and to the contribution of the Drell-Yan process. The relative contribution of each of those different channels to dilepton observables is calculated and discussed.",2024,211,0.0001
W4396599258,The Hopkins-Oxford Psychedelics Ethics (HOPE) Working Group Consensus Statement,2024,30,https://doi.org/10.1080/15265161.2024.2342764,Psychedelics and Drug Studies,Psychology,Social Sciences,Yuria Celidwen,"The first Hopkins-Oxford Psychedelic Ethics (HOPE) workshop convened to discuss ethical matters relating to psychedelics in August 2023 at the University of Oxford.The organizers (BDE, DBY, EJ) aim...",2024,211,0.0001
W4405280408,High-precision chemical quantum sensing in flowing monodisperse microdroplets,2024,22,https://doi.org/10.1126/sciadv.adp4033,Diamond and Carbon-based Materials Research,Materials Science,Physical Sciences,Adrisha Sarkar; Amala Akkiraju; Ashok Ajoy; Emanuel Druga; Madhur Parashar; Mohammad Hashemi; Parker Aman; Pranav Krishnamoorthi; Sophie Conti; Srisai Nachuri; Zachary R. Jones,"A method is presented for high-precision chemical detection that integrates quantum sensing with droplet microfluidics. Using nanodiamonds (ND) with fluorescent nitrogen-vacancy (NV) centers as quantum sensors, rapidly flowing microdroplets containing analyte molecules are analyzed. A noise-suppressed mode of optically detected magnetic resonance is enabled by pairing controllable flow with microwave control of NV electronic spins, to detect analyte-induced signals of a few hundredths of a percent of the ND fluorescence. Using this method, paramagnetic ions in droplets are detected with low limit-of-detection using small analyte volumes, with exceptional measurement stability over &gt;10 3 s. In addition, these droplets are used as microconfinement chambers by co-encapsulating ND quantum sensors with various analytes such as single cells, suggesting wide-ranging applications including single-cell metabolomics and real-time intracellular measurements from bioreactors. Important advances are enabled by this work, including portable chemical testing devices, amplification-free chemical assays, and chemical imaging tools for probing reactions within microenvironments.",2024,211,0.0001
W4402935263,Fused Multi-Modal Electron Microscopy,2024,0,https://doi.org/10.69761/mxvr4353,Electron and X-Ray Spectroscopy Techniques,Materials Science,Physical Sciences,Mary Scott; Min Gee Cho,"Chemical mapping of nano-scale and atomic chemistry via spectroscopic electron microscopy has challenged researchers for decades due to the fundamental tradeoff between electron dose, noise, and resolution. Inelastic spectroscopic signals (electron energy loss ( EELS ) or energy-dispersive x-ray ( X-EDS ) spectroscopy) that yield elemental signatures are rare, resulting in long dwell times to produce discernable structure. This process often destroys the sample and distorts the chemical map during acquisition.Lower dose scans can be taken to combat this issue, but they often do not have enough signal to produce meaningful results. Fused multi-modal electron microscopy offers nano- and atomic-resolution high signal-to-noise-ratio ( SNR ) recovery of material chemistry by merging low-dose elastically scattered high-angle annular dark-field ( HAADF ) signals with the inelastic signals. The process works best when all chemistries in the material are mapped spectroscopically and combined with a directly interpretable elastic signal. This article bridges the gap between theory and practice by walking through each step of the fused multi-modal computational pipeline and pointing out best practices when running the code. By the end of this tutorial, anyone with inelastic and elastic 2D projection data should be able to reproducibly reconstruct chemical maps using fused multi-modal electron microscopy.",2024,211,0.0001
W4396833170,Color Singer: Composing Music via the Construction of LEGO Blocks with Various Colors,2024,0,https://doi.org/10.1145/3613905.3649120,Innovative Human-Technology Interaction,Computer Science,Physical Sciences,Qiuyu Lu,"Explore the fusion of creativity, play, and music with our project, where LEGO blocks transform abstract music composition into a tangible, intuitive experience. Each color in the LEGO palette corresponds to a distinct musical note, offering the freedom to purposefully replicate sheet music or casually build, unveiling serendipitous musical surprises. We present Color Singer—a system crafted and programmed with LEGO Mindstorms, open-sourced for accessibility. Our video showcase not only explains the implementation of Color Singer but also features a charming LEGO stop-motion animation narrating the heartwarming story of the Color Singer saving love. Join us in this innovative journey, where the tangible world of LEGO meets the abstract realm of music composition.",2024,211,0.0001
W4404848084,Locally Stationary Distributions: A Framework for Analyzing Slow-Mixing Markov Chains*,2024,1,https://doi.org/10.1109/focs61266.2024.00022,Stochastic processes and statistical mechanics,Mathematics,Physical Sciences,David X. Wu; Prasad Raghavendra,"Many natural Markov chains fail to mix to their stationary distribution in polynomially many steps. Often, this slow mixing is inevitable since it is computationally intractable to sample from their stationary measure. Nevertheless, Markov chains can be shown to always converge quickly to measures that are locally stationary, i.e., measures that don't change over a small number of steps. These locally stationary measures are analogous to local minima in continuous optimization, while stationary measures correspond to global minima. While locally stationary measures can be statistically far from stationary measures, do they enjoy provable theoretical guarantees that have algorithmic implications? We study this question in this work and demonstrate three algorithmic applications of locally stationary measures: 1)We show that Glauber dynamics on the hardcore model can be used to find large independent sets in triangle-free graphs of bounded degree. 2)We prove that Glauber dynamics on the Ising model defined by a spiked matrix model finds a vector with constant correlation with the planted spike. 3)We show that for sufficiently large constant signal-to-noise ratio, Glauber dynamics on the Ising model finds a vector that has constant correlation with the hidden community vector. In other words, Glauber dynamics subsumes the spectral method for spiked Wigner and community detection, by weakly recovering the planted spike. The full version of this paper can be found on arXiv(arXiv ID: 2405.20849).",2024,211,0.0001
W4391517729,Chytrid infections exhibit historical spread and contemporary seasonality in a declining stream-breeding frog,2024,7,https://doi.org/10.1098/rsos.231270,Amphibian and Reptile Biology,Environmental Science,Physical Sciences,Michelle S. Koo; Sarah J. Kupferberg,"Species with extensive geographical ranges pose special challenges to assessing drivers of wildlife disease, necessitating collaborative and large-scale analyses. The imperilled foothill yellow-legged frog ( Rana boylii ) inhabits a wide geographical range and variable conditions in rivers of California and Oregon (USA), and is considered threatened by the pathogen Batrachochytrium dendrobatidis (Bd). To assess drivers of Bd infections over time and space, we compiled over 2000 datapoints from R. boylii museum specimens (collected 1897–2005) and field samples (2005–2021) spanning 9° of latitude. We observed a south-to-north spread of Bd detections beginning in the 1940s and increase in prevalence from the 1940s to 1970s, coinciding with extirpation from southern latitudes. We detected eight high-prevalence geographical clusters through time that span the species' geographical range. Field-sampled male R. boylii exhibited the highest prevalence, and juveniles sampled in autumn exhibited the highest loads. Bd infection risk was highest in lower elevation rain-dominated watersheds, and with cool temperatures and low stream-flow conditions at the end of the dry season. Through a holistic assessment of relationships between infection risk, geographical context and time, we identify the locations and time periods where Bd mitigation and monitoring will be critical for conservation of this imperilled species.",2024,211,0.0001
W4395447529,Genomic factors shape carbon and nitrogen metabolic niche breadth across Saccharomycotina yeasts,2024,128,https://doi.org/10.1126/science.adj4503,Fermentation and Sensory Analysis,Agricultural and Biological Sciences,Life Sciences,Jacob L. Steenwyk,"Organisms exhibit extensive variation in ecological niche breadth, from very narrow (specialists) to very broad (generalists). Two general paradigms have been proposed to explain this variation: (i) trade-offs between performance efficiency and breadth and (ii) the joint influence of extrinsic (environmental) and intrinsic (genomic) factors. We assembled genomic, metabolic, and ecological data from nearly all known species of the ancient fungal subphylum Saccharomycotina (1154 yeast strains from 1051 species), grown in 24 different environmental conditions, to examine niche breadth evolution. We found that large differences in the breadth of carbon utilization traits between yeasts stem from intrinsic differences in genes encoding specific metabolic pathways, but we found limited evidence for trade-offs. These comprehensive data argue that intrinsic factors shape niche breadth variation in microbes.",2024,211,0.0001
W4401689716,A dendritic mechanism for balancing synaptic flexibility and stability,2024,12,https://doi.org/10.1016/j.celrep.2024.114638,Neuroscience and Neuropharmacology Research,Neuroscience,Life Sciences,Na Ji; Qinrong Zhang,"Biological and artificial neural networks learn by modifying synaptic weights, but it is unclear how these systems retain previous knowledge and also acquire new information. Here, we show that cortical pyramidal neurons can solve this plasticity-versus-stability dilemma by differentially regulating synaptic plasticity at distinct dendritic compartments. Oblique dendrites of adult mouse layer 5 cortical pyramidal neurons selectively receive monosynaptic thalamic input, integrate linearly, and lack burst-timing synaptic potentiation. In contrast, basal dendrites, which do not receive thalamic input, exhibit conventional NMDA receptor (NMDAR)-mediated supralinear integration and synaptic potentiation. Congruently, spiny synapses on oblique branches show decreased structural plasticity in vivo. The selective decline in NMDAR activity and expression at synapses on oblique dendrites is controlled by a critical period of visual experience. Our results demonstrate a biological mechanism for how single neurons can safeguard a set of inputs from ongoing plasticity by altering synaptic properties at distinct dendritic domains.",2024,211,0.0001
W4409020150,Doctor Who?: The Influence of AI on Human Responses to Vaccine Calls,2024,0,https://doi.org/10.1109/urtc65039.2024.10937545,Vaccine Coverage and Hesitancy,Social Sciences,Social Sciences,Cathy Sheng,"AI voice generators are becoming increasingly prevalent in personal and professional settings. Existing research postulates a negative human bias towards AI-generated text; however, there is a gap in the literature surrounding perceptions of artificial audio. Using a novel survey, this paper examines how the gender (male or female) and perceived identity (AI or human) of a caller affect receptiveness towards the message: in this context, a promotion for a fictitious vaccine. Contrasting previous literature, the results do not support a bias against AI-generated audio. These findings, in tandem with further research, could inform more effective implementation of artificial audios.",2024,211,0.0001
W4398223257,Antihypertensive Medications and Eczematous Dermatitis in Older Adults,2024,10,https://doi.org/10.1001/jamadermatol.2024.1230,Dermatology and Skin Diseases,Medicine,Health Sciences,Katrina Abuabara,"Importance: Rates of physician-diagnosed eczema have been increasing among older adults, but little is known regarding the pathophysiologic processes and best treatments in this subgroup. Preliminary data suggest that medications-antihypertensive medications in particular-may contribute to eczematous dermatitis; however, there are limited population-based data on the proportion of eczematous dermatitis diagnoses among older adults that may be attributed to antihypertensive drugs. Objectives: To determine whether antihypertensive drug use is associated with eczematous dermatitis in older adults. Design, Settings, and Participants: This was a longitudinal cohort study of a population-based sample of individuals 60 years and older without a diagnosis of eczematous dermatitis at baseline. It was conducted at primary care practices participating in The Health Improvement Network in the United Kingdom from January 1, 1994, to January 1, 2015. Data analyses were performed from January 6, 2020, to February 6, 2024. Exposure: Exposure date by first prescription for an antihypertensive drug within each drug class. Main outcome measures: Newly active eczematous dermatitis was based on the first date for 1 of the 5 most common eczema codes used in a previously validated algorithm. Results: Among the total study sample of 1 561 358 older adults (mean [SD] age, 67 [9] years; 54% female), the overall prevalence of eczematous dermatitis was 6.7% during a median (IQR) follow-up duration of 6 (3-11) years. Eczematous dermatitis incidence was higher among participants receiving antihypertensive drugs than those who did not (12 vs 9 of 1000 person-years of follow-up). Adjusted Cox proportional hazard models found that participants who received any antihypertensive drugs had a 29% increased hazard rate of any eczematous dermatitis (hazard ratio [HR], 1.29; 95% CI, 1.26-1.31). When assessing each antihypertensive drug class individually, the largest effect size was observed for diuretic drugs (HR, 1.21; 95% CI, 1.19-1.24) and calcium channel blockers (HR, 1.16; 95% CI, 1.14-1.18), and the smallest effect sizes were for angiotensin-converting enzyme inhibitors (HR, 1.02; 95% CI, 1.00-1.04) and β-blockers (HR, 1.04; 95% CI, 1.02-1.06). Conclusions and Relevance: This cohort study found that antihypertensive drugs were associated with a small increased rate of eczematous dermatitis, with effect sizes largest for calcium channel blockers and diuretic drugs, and smallest for angiotensin-converting enzyme inhibitors and β-blockers. Although additional research is needed to understand the mechanisms underlying the association, these data could be helpful to clinicians to guide management when a patient presents with eczematous dermatitis in older age.",2024,211,0.0001
W4403888209,Complete asymmetric polarization conversion at zero‐eigenvalue exceptional points of non‐Hermitian metasurfaces,2024,8,https://doi.org/10.1515/nanoph-2024-0391,Quantum Mechanics and Non-Hermitian Physics,Physics and Astronomy,Physical Sciences,Jagang Park,"Non-Hermitian systems can be tuned to exhibit exceptional points, where both eigenvalues and eigenstates coalesce concurrently. The inherent adaptability of photonic non-Hermitian systems in configuring gain and loss has allowed us to observe a plethora of counterintuitive phenomena, largely as a consequence of the eigenspace reduction at these exceptional points. In this work, we propose a non-Hermitian metasurface that, through the incorporation of gain, enables complete asymmetric polarization conversion at an exceptional point with a zero eigenvalue. Specifically, we provide numerical evidence for this concept by designing a non-Hermitian metasurface that facilitates polarization conversion from right to left circular polarization, while preventing conversion in the reverse direction and co-polarized transmission. Furthermore, our investigation reveals that this specific form of complete asymmetric polarization conversion results in maximum circular dichroism in transmission, thereby eliminating the need for external chirality or three-dimensional helical structures. This non-Hermitian technique offers an intriguing approach to designing polarization-sensitive optical devices and systems, further expanding their functionalities and capabilities.",2024,211,0.0001
W4404651573,Communication and coordination in the 2023 Kahramanmaras earthquakes,2024,6,https://doi.org/10.1177/87552930241270559,Disaster Management and Resilience,Social Sciences,Social Sciences,Louise K. Comfort; Seunghyun Lee,"The interaction between communication and coordination is central to mobilizing response operations, but the processes vary under critical time constraints, creating disparities in complex operations in practice. To explore conditions that facilitate or hinder the interaction between these processes, we identify networks of organizations engaged in communication and coordination that functioned in response to the 6 February 2023, Kahramanmaras earthquakes in Turkey. Framed in the theory of complex adaptive systems, this study focuses on decision‐making among organizations that operated during this event and the flow of information within and among organizations that guided collective action. Using exploratory case‐study methods, we undertook four tasks to: (1) characterize the context in which the earthquakes occurred—public awareness, policies, and practice to reduce seismic risk; (2) identify technical communication networks that functioned during the first 3 weeks of response operations; (3) identify organizational coordination networks and flow of information that guided technical networks, including principal nodes of connection and missing links in the process; and (4) identify gaps between knowledge and action as organizations struggled to operate in a disaster‐degraded context. Study findings revealed limits in both technical and organizational networks and offer insights into how these sociotechnical networks could be scaled and strengthened to function more effectively in large‐scale, extreme events.",2024,211,0.0001
W4392363683,Do calcium channel blockers applied to cardiomyocytes cause increased channel expression resulting in reduced efficacy?,2024,8,https://doi.org/10.1038/s41540-024-00347-3,Cardiac electrophysiology and arrhythmias,Medicine,Health Sciences,Kevin E. Healy,"In the initial hours following the application of the calcium channel blocker (CCB) nifedipine to microtissues consisting of human induced pluripotent stem cell-derived cardiomyocytes (hiPSC-CMs), we observe notable variations in the drug's efficacy. Here, we investigate the possibility that these temporal changes in CCB effects are associated with adaptations in the expression of calcium ion channels in cardiomyocyte membranes. To explore this, we employ a recently developed mathematical model that delineates the regulation of calcium ion channel expression by intracellular calcium concentrations. According to the model, a decline in intracellular calcium levels below a certain target level triggers an upregulation of calcium ion channels. Such an upregulation, if instigated by a CCB, would then counteract the drug's inhibitory effect on calcium currents. We assess this hypothesis using time-dependent measurements of hiPSC-CMs dynamics and by refining an existing mathematical model of myocyte action potentials incorporating the dynamic nature of the number of calcium ion channels. The revised model forecasts that the CCB-induced reduction in intracellular calcium concentrations leads to a subsequent increase in calcium ion channel expression, thereby attenuating the drug's overall efficacy. The data and fit models suggest that dynamic changes in cardiac cells in the presence of CCBs may be explainable by induced changes in protein expression, and that this may lead to challenges in understanding calcium based drug effects on the heart unless timings of applications are carefully considered.",2024,211,0.0001
W4404527804,Sparse Network Asymptotics for Logistic Regression Under Possible Misspecification,2024,4,https://doi.org/10.3982/ecta19051,Statistical Methods and Inference,Mathematics,Physical Sciences,Bryan S. Graham,"Consider a bipartite network where N consumers choose to buy or not to buy M different products. This paper considers the properties of the logit fit of the N × M array of “ i ‐buys‐ j ” purchase decisions, <a:math xmlns:a=""http://www.w3.org/1998/Math/MathML"" display=""inline""> <a:mi mathvariant=""bold"">Y</a:mi> <a:mo>=</a:mo> <a:msub> <a:mrow> <a:mo stretchy=""false"">[</a:mo> <a:msub> <a:mrow> <a:mi>Y</a:mi> </a:mrow> <a:mrow> <a:mi>i</a:mi> <a:mi>j</a:mi> </a:mrow> </a:msub> <a:mo stretchy=""false"">]</a:mo> </a:mrow> <a:mrow> <a:mn>1</a:mn> <a:mo>≤</a:mo> <a:mi>i</a:mi> <a:mo>≤</a:mo> <a:mi>N</a:mi> <a:mo>,</a:mo> <a:mn>1</a:mn> <a:mo>≤</a:mo> <a:mi>j</a:mi> <a:mo>≤</a:mo> <a:mi>M</a:mi> </a:mrow> </a:msub> </a:math>, onto a vector of known functions of consumer and product attributes under asymptotic sequences where (i) both N and M grow large, (ii) the average number of products purchased per consumer is finite in the limit, (iii) there exists dependence across elements in the same row or same column of Y (i.e., dyadic dependence), and (iv) the true conditional probability of making a purchase may, or may not, take the assumed logit form. Condition (ii) implies that the limiting network of purchases is sparse : only a vanishing fraction of all possible purchases are actually made. Under sparse network asymptotics, I show that the parameter indexing the logit approximation solves a particular Kullback–Leibler Information Criterion (KLIC) minimization problem (defined with respect to a certain Poisson population). This finding provides a simple characterization of the logit pseudo‐true parameter under general misspecification (analogous to a (mean squared error (MSE) minimizing) linear predictor approximation of a general conditional expectation function (CEF)). With respect to sampling theory, sparseness implies that the first and last terms in an extended Hoeffding‐type variance decomposition of the score of the logit pseudo composite log‐likelihood are of equal order. In contrast, under dense network asymptotics, the last term is asymptotically negligible. Asymptotic normality of the logistic regression coefficients is shown using a martingale central limit theorem (CLT) for triangular arrays. Unlike in the dense case, the normality result derived here also holds under degeneracy of the network graphon. Relatedly, when there “happens to be” no dyadic dependence in the data set in hand, it specializes to recently derived results on the behavior of logistic regression with rare events and i.i.d. data. Simulation results suggest that sparse network asymptotics better approximate the finite network distribution of the logit estimator. A short empirical illustration, and additional calibrated Monte Carlo experiments, further illustrate the main theoretical ideas.",2024,211,0.0001
W4391042226,Candidate ferroelectrics via ab initio high-throughput screening of polar materials,2024,23,https://doi.org/10.1038/s41524-023-01193-3,Ferroelectric and Piezoelectric Materials,Materials Science,Physical Sciences,Francesco Ricci; Jeffrey B. Neaton; Stephanie A. Mack,"Abstract Ferroelectrics are a class of polar and switchable functional materials with diverse applications, from microelectronics to energy conversion. Computational searches for new ferroelectric materials have been constrained by accurate prediction of the polarization and switchability with electric field, properties that, in principle, require a comparison with a nonpolar phase whose atomic-scale unit cell is continuously deformable from the polar ground state. For most polar materials, such a higher-symmetry nonpolar phase does not exist or is unknown. Here, we introduce a general high-throughput workflow that screens polar materials as potential ferroelectrics. We demonstrate our workflow on 1978 polar structures in the Materials Project database, for which we automatically generate a nonpolar reference structure using pseudosymmetries, and then compute the polarization difference and energy barrier between polar and nonpolar phases, comparing the predicted values to known ferroelectrics. Focusing on a subset of 182 potential ferroelectrics, we implement a systematic ranking strategy that prioritizes candidates with large polarization and small polar-nonpolar energy differences. To assess stability and synthesizability, we combine information including the computed formation energy above the convex hull, the Inorganic Crystal Structure Database id number, a previously reported machine learning-based synthesizability score, and ab initio phonon band structures. To distinguish between previously reported ferroelectrics, materials known for alternative applications, and lesser-known materials, we combine this ranking with a survey of the existing literature on these candidates through Google Scholar and Scopus databases, revealing ~130 promising materials uninvestigated as ferroelectric. Our workflow and large-scale high-throughput screening lays the groundwork for the discovery of novel ferroelectrics, revealing numerous candidates materials for future experimental and theoretical endeavors.",2024,211,0.0001
W4404233414,"Direct ladderization of cyclooctatetraene-containing, processable conjugated ladder polymers from annulated bis-zirconacyclopentadienes",2024,6,https://doi.org/10.1039/d4sc06902a,Organometallic Complex Synthesis and Catalysis,Chemistry,Physical Sciences,August J. Rothenberger; Harrison M. Bergman; T. Don Tilley,"A conjugated ladder polymer composed of negatively curved cyclooctatetraene monomer units was synthesized in a single step from bis-zirconacyclopentadienes, resulting in microporosity and high processability.",2024,211,0.0001
W4401996173,AcrIF11 is a potent CRISPR-specific ADP-ribosyltransferase encoded by phage and plasmid,2024,0,https://doi.org/10.1101/2024.08.26.609590,CRISPR and Genetic Engineering,"Biochemistry, Genetics and Molecular Biology",Life Sciences,Leah T. Roe,"Abstract Phage-encoded anti-CRISPR (Acr) proteins inhibit CRISPR-Cas systems to allow phage replication and lysogeny maintenance. Most of the Acrs characterized to date are stable stoichiometric inhibitors. While enzymatic Acrs have been characterized biochemically, little is known about their potency, specificity, and reversibility. Here, we examine AcrIF11, a widespread phage and plasmid-encoded ADP-ribosyltransferase (ART) that inhibits the Type I-F CRISPR-Cas system. We present an NMR structure of an AcrIF11 homolog that reveals chemical shift perturbations consistent with NAD (cofactor) binding. In experiments that model both lytic phage replication and MGE/lysogen stability under high targeting pressure, AcrIF11 is a highly potent CRISPR-Cas inhibitor and more robust to Cas protein level fluctuations than stoichiometric inhibitors. Furthermore, we demonstrate that AcrIF11 is remarkably specific, predominantly ADP-ribosylating Csy1 when expressed in P. aeruginosa . Given the reversible nature of ADP-ribosylation, we hypothesized that ADPr eraser enzymes (macrodomains) could remove ADPr from Csy1, a potential limitation of PTM-based CRISPR inhibition. We demonstrate that diverse macrodomains can indeed remove the modification from Csy1 in P. aeruginosa lysate. Together, these experiments connect the in vitro observations of AcrIF11’s enzymatic activity to its potent and specific effects in vivo , clarifying the advantages and drawbacks of enzymatic Acrs in the evolutionary arms race between phages and bacteria.",2024,211,0.0001
W4391140899,A Bayesian approach for estimating the post-earthquake recovery trajectories of electric power systems in Japan,2024,8,https://doi.org/10.1080/23789689.2024.2303801,Infrastructure Resilience and Vulnerability Analysis,Engineering,Physical Sciences,Eyitayo A. Opabola,"Post-disaster recovery modelling of engineering systems has become an important facet of catastrophe risk modelling and management for natural hazards. The post-disaster recovery trajectory of a civil infrastructure system can be quantified using (a) the initial post-disaster functionality level, Qo; (b) rapidity, h (i.e., the rate of functionality restoration); and (c) recovery time, Rt. This study uses a Bayesian estimation approach to derive a set of probabilistic models to estimate Qo, Rt, and h of electric power networks (EPNs) using post-earthquake recovery data from 16 large earthquakes in Japan between 2003 and 2022. The considered predictor (explanatory) variables include earthquake magnitude, year of occurrence, seismic intensity, and exposed population (PEX). Apart from being a simple and efficient stand-alone tool, the proposed data-driven models can be a useful benchmarking tool for simulation-based approaches for EPN recovery modelling.",2024,211,0.0001
W4401513305,Variational time reversal for free-energy estimation in nonequilibrium steady states,2024,5,https://doi.org/10.1103/physreve.110.024120,Advanced Thermodynamics and Statistical Mechanics,Physics and Astronomy,Physical Sciences,David T. Limmer; Jorge L. Rosa-Raíces,"Studying the structure of systems in nonequilibrium steady states necessitates tools that quantify population shifts and associated deformations of equilibrium free-energy landscapes under persistent currents. Within the framework of stochastic thermodynamics, we establish a variant of the Kawasaki-Crooks equality that relates nonequilibrium free-energy corrections in overdamped Langevin systems to heat dissipation statistics along time-reversed relaxation trajectories computable with molecular simulation. Using stochastic control theory, we arrive at a general variational approach to evaluate the Kawasaki-Crooks equality and use it to estimate distribution functions of order parameters in specific models of driven and active matter, attaining substantial improvement in accuracy over simple perturbative methods.",2024,211,0.0001
W4392892438,"See-Star: a versatile hydrogel-based protocol for clearing large, opaque and calcified marine invertebrates",2024,0,https://doi.org/10.1101/2024.03.16.585344,Marine Biology and Environmental Chemistry,Engineering,Physical Sciences,Laurent Formery,"Abstract Studies of morphology and developmental patterning in adult stages of many invertebrates are hindered by opaque structures, such as shells, skeletal elements, and pigment granules that block or refract light and necessitate sectioning for observation of internal features. An inherent challenge in studies relying on surgical approaches is that cutting tissue is semi-destructive, and delicate structures, such as axonal processes within neural networks, are computationally challenging to reconstruct once disrupted. To address this problem, we developed See-Star, a hydrogel-based tissue clearing protocol to render the bodies of opaque and calcified invertebrates optically transparent while preserving their anatomy in an unperturbed state, facilitating molecular labeling and observation of intact organ systems. The resulting protocol can clear large (&gt;1 cm 3 ) specimens to enable deep-tissue imaging, and is compatible with molecular techniques, such as immunohistochemistry and in situ hybridization to visualize protein and mRNA localization. To test the utility of this method, we performed a whole mount imaging study of intact nervous systems in juvenile echinoderms and molluscs, and demonstrate that See-Star allows for comparative studies to be extended far into development facilitating insights into the anatomy of juveniles and adults that are usually not amenable to whole mount imaging.",2024,211,0.0001
W4392775126,From Foes to Friends: The Causes of Interstate Rapprochement and Conciliation,2024,6,https://doi.org/10.1146/annurev-polisci-041322-024603,American Constitutional Law and Politics,Social Sciences,Social Sciences,Michaela Mattes,"When, why, and how do countries move from hostile to peaceful relations, and sometimes even friendship? We draw on the interstate peace literature to identify two peace processes. Rapprochement represents a first step during which enemies might develop normal working relations. Some states then progress to conciliation and establish warm and cooperative ties. We compare rapprochement to conciliation, outline the mechanisms that drive each process, and review scholarly findings about three types of causal variables: abrupt shocks, stable contextual factors, and policy initiatives. A key insight emerges that conciliation is not simply an extension of rapprochement—the predictors of these two processes differ significantly. We then call for greater scholarly attention to the study of conciliation, interactions of causal factors, the domestic politics underlying each process, the causes of peace failure, and empirical and methodological challenges.",2024,211,0.0001
W4399295262,Femtosecond core-level spectroscopy reveals involvement of triplet states in the gas-phase photodissociation of Fe(CO)5,2024,0,https://doi.org/10.26434/chemrxiv-2023-m1ggn-v3,Advanced Chemical Physics Studies,Physics and Astronomy,Physical Sciences,Juan E. Arias-Martinez; Kevin Carter-Fenk; Martin Head‐Gordon,"Excitation of iron pentacarbonyl [Fe(CO)5], a prototypical photocatalyst, at 266 nm causes sequential loss of two CO ligands in the gas phase, creating catalytically active, unsaturated iron carbonyls. Despite numerous studies, major aspects of its ultrafast photochemistry remain unresolved because the early excited-state dynamics have so far eluded spectroscopic observation. This has led to the long-held assumption that ultrafast dissociation of gas-phase Fe(CO)5 proceeds exclusively on the singlet manifold. Herein, we present a combined experimental-theoretical study employing ultrafast extreme ultraviolet transient absorption spectroscopy near the Fe M2 ,3-edge, which features spectral evolution on 100-fs and 3-ps time scales, alongside high-level electronic structure theory, which enables characterization of the molecular geometries and electronic states involved in the ultrafast photodissociation of Fe(CO)5. We assign the 100-fs evolution to spectroscopic signatures associated with intertwined structural and electronic dynamics on the singlet metal-centered states during first CO loss, and the 3-ps evolution to the competing dissociation of Fe(CO)4 along the lowest singlet and triplet surfaces to form Fe(CO)3. Calculations of transient spectra in both singlet and triplet states as well as spin-orbit coupling constants along key structural pathways, provide evidence for intersystem crossing to the triplet ground state of Fe(CO)4. Thus, our work presents the first spectroscopic detection of transient excited states during ultrafast photodissociation of gas-phase Fe(CO)5 and challenges the long-standing assumption that triplet states do not play a role in the ultrafast dynamics.",2024,211,0.0001
W4402262878,Climate change exacerbates the environmental impacts of agriculture,2024,467,https://doi.org/10.1126/science.adn3747,Climate change impacts on agriculture,Agricultural and Biological Sciences,Life Sciences,Ariel Ortiz Bobea; Nathaniel D. Mueller; Paolo D’Odorico,"Agriculture's global environmental impacts are widely expected to continue expanding, driven by population and economic growth and dietary changes. This Review highlights climate change as an additional amplifier of agriculture's environmental impacts, by reducing agricultural productivity, reducing the efficacy of agrochemicals, increasing soil erosion, accelerating the growth and expanding the range of crop diseases and pests, and increasing land clearing. We identify multiple pathways through which climate change intensifies agricultural greenhouse gas emissions, creating a potentially powerful climate change-reinforcing feedback loop. The challenges raised by climate change underscore the urgent need to transition to sustainable, climate-resilient agricultural systems. This requires investments that both accelerate adoption of proven solutions that provide multiple benefits, and that discover and scale new beneficial processes and food products.",2024,211,0.0001
W4401313882,Link Element Design for a Landing-Gear Mechanism in a Statics and Mechanics of Materials Course,2024,0,https://doi.org/10.18260/1-2--47748,Mechatronics Education and Applications,Engineering,Physical Sciences,Aimée Cloutier; Amir Danesh-Yazdi; Sean Moseley,"In this work, we describe a project involving a link element design for a landing gear mechanism as part of our Statics and Mechanics of Materials I course.During this project, students are asked to design a safe and lightweight linkage that will allow the landing gear to safely and slowly retract from a vertical position to a nearly horizontal one without breaking or stretching more than 10% of its original length.This project is introduced at the halfway point of the 10-week term, at which point students are familiar with the 2D equilibrium of rigid bodies and the concepts of stress, strain, and the factor of safety.General geometry and dimensions of the testing apparatus are provided to the students along with experimental properties of Nylon 6/6, from which the linkages are laser cut.Student groups are expected to produce a CAD file of their design along with a detailed memo documenting their analysis and design process.In this paper, we will present technical details about the project along with the different approaches each instructor takes in presenting, conducting, and assessing the project in their class.We will also discuss the challenges faced by the instructors and students and present detailed student and instructor feedback on the effectiveness of this design project in enhancing student learning.",2024,211,0.0001
W4393163000,Hazardous explosive eruptions of a recharging multi-cyclic island arc caldera,2024,17,https://doi.org/10.1038/s41561-024-01392-7,Combustion and Detonation Processes,Engineering,Physical Sciences,Michael Manga,"Abstract Caldera-forming eruptions of silicic volcanic systems are among the most devastating events on Earth. By contrast, post-collapse volcanic activity initiating new caldera cycles is generally considered less hazardous. Formed after Santorini’s latest caldera-forming eruption of ~1600 bce , the Kameni Volcano in the southern Aegean Sea enables the eruptive evolution of a recharging multi-cyclic caldera to be reconstructed. Kameni’s eruptive record has been documented by onshore products and historical descriptions of mainly effusive eruptions dating back to 197 bce . Here we combine high-resolution seismic reflection data with cored lithologies from International Ocean Discovery Program Expedition 398 at four sites to determine the submarine architecture and volcanic history of intra-caldera deposits from Kameni. Our shore-crossing analysis reveals the deposits of a submarine explosive eruption that produced up to 3.1 km 3 of pumice and ash, which we relate to a historical eruption in 726 ce . The estimated volcanic explosivity index of magnitude 5 exceeds previously considered worst-case eruptive scenarios for Santorini. Our finding that the Santorini caldera is capable of producing large explosive eruptions at an early stage in the caldera cycle implies an elevated hazard potential for the eastern Mediterranean region, and potentially for other recharging silicic calderas.",2024,211,0.0001
W4407579073,Recommendation: When and where can coastal wetland restoration increase carbon sequestration as a natural climate solution? — R1/PR5,2024,0,https://doi.org/10.1017/cft.2024.14.pr5,Coastal and Marine Management,Environmental Science,Physical Sciences,Dennis Baldocchi,"Coastal wetlands are hotspots of carbon sequestration, and their conservation and restoration can help to mitigate climate change. However, there remains uncertainty on when and where coastal wetland restoration can most effectively act as natural climate solutions (NCS). Here, we synthesize current understanding to illustrate the requirements for coastal wetland restoration to benefit climate, and discuss potential paths forward that address key uncertainties impeding implementation. To be effective as NCS, coastal wetland restoration projects will accrue climate cooling benefits that would not occur without management action (additionality), will be implementable (feasibility) and will persist over management-relevant timeframes (permanence). Several issues add uncertainty to understanding if these minimum requirements are met. First, coastal wetlands serve as both a landscape source and sink of carbon for other habitats, increasing uncertainty in additionality. Second, coastal wetlands can potentially migrate outside of project footprints as they respond to sea-level rise, increasing uncertainty in permanence. To address these first two issues, a system-wide approach may be necessary, rather than basing cooling benefits only on changes that occur within project boundaries. Third, the need for NCS to function over management-relevant decadal timescales means methane responses may be necessary to include in coastal wetland restoration planning and monitoring. Finally, there is uncertainty on how much data are required to justify restoration action. We summarize the minimum data required to make a binary decision on whether there is a net cooling benefit from a management action, noting that these data are more readily available than the data required to quantify the magnitude of cooling benefits for carbon crediting purposes. By reducing uncertainty, coastal wetland restoration can be implemented at the scale required to significantly contribute to addressing the current climate crisis.",2024,211,0.0001
W4393372233,Explorations of Cumulative Advantage Using Data on French Physicists,2024,2,https://doi.org/10.3386/w32285,scientometrics and bibliometrics research,Decision Sciences,Social Sciences,Bronwyn H. Hall,"We use a large dataset of approximately 1500 physicists employed by the Centre National de la Recherche Scientifique (CNRS) in France to investigate the role of cumulative advantage in their publication career.Measuring output by time series of the number of publications and the number of cite-weighted publications for each physicist, we find that the simple stylized facts predicted by cumulative advantage hold only weakly for these physicists.However, regressions with fixed effects, life cycle effects, and past productivity provide strong evidence that cumulative advantage matters for future productivity.In future work, we plan to compare this sample with those from other countries that have different systems for the conduct of scientific research.",2024,211,0.0001
W4393407960,Needs of human resource professionals in implicit bias and disability inclusion training: A focus group study,2024,5,https://doi.org/10.3233/jvr-240015,Disability Education and Employment,Social Sciences,Social Sciences,Hanson Ho,"BACKGROUND: Research investigating the implicit bias of employers towards individuals with disabilities emphasizes the importance of increased attention to implicit bias in the workplace. Previous research supports the use of trainings to promote awareness and education of implicit and explicit bias toward people with disabilities among employers. OBJECTIVE: The purpose of the current study was to better understand employers' stigmatizing attitudes toward individuals with disabilities and develop effective strategies to increase awareness and knowledge related to these negative attitudes. METHODS: Two focus groups of HR professionals were conducted to investigate guidelines and content areas that should be included in training. Data was analyzed using qualitative content analysis (QCA) methodology. RESULTS: Researchers identified four major themes regarding guidelines for training development: 1) educational information on implicit and explicit bias, 2) disability inclusion information and strategies, 3) consideration of multiple learning modalities, and 4) case studies. CONCLUSION: Training interventions incorporating these needs and preferences of HR professionals may more effectively increase awareness of implicit bias in the workplace. Sharing evidence regarding implicit and explicit bias, along with current information on disability inclusion, while using varied instructional strategies may lead to a reduction in disability-related stigma and discrimination in the workplace.",2024,211,0.0001
W4396747606,"Optimizing Last-Mile Delivery: A Multi-Criteria Approach with Automated Smart Lockers, Capillary Distribution and Crowdshipping",2024,50,https://doi.org/10.3390/logistics8020052,Urban and Freight Transport Logistics,Engineering,Physical Sciences,Bartosz Sawik,"Background: This publication presents a review, multiple criteria optimization models, and a practical example pertaining to the integration of automated smart locker systems, capillary distribution networks, crowdshipping, last-mile delivery and supply chain management. This publication addresses challenges in logistics and transportation, aiming to enhance efficiency, reduce costs and improve customer satisfaction. This study integrates automated smart locker systems, capillary distribution networks, crowdshipping, last-mile delivery and supply chain management. Methods: A review of the existing literature synthesizes key concepts, such as facility location problems, vehicle routing problems and the mathematical programming approach, to optimize supply chain operations. Conceptual optimization models are formulated to solve the complex decision-making process involved in last-mile delivery, considering multiple objectives, including cost minimization, delivery time optimization, service level minimization, capacity optimization, vehicle minimization and resource utilization. Results: The multiple criteria approaches combine the vehicle routing problem and facility location problem, demonstrating the practical applicability of the proposed methodology in a real-world case study within a logistics company. Conclusions: The execution of multi-criteria models optimizes automated smart locker deployment, capillary distribution design, crowdshipping and last-mile delivery strategies, showcasing its effectiveness in the logistics sector.",2024,211,0.0001
W4396853138,A Computational Tool to Characterize Infrasonic Wind Turbine Signatures,2024,0,https://doi.org/10.1109/aero58975.2024.10521078,Seismic Waves and Analysis,Earth and Planetary Sciences,Physical Sciences,Théa Adumitroaie,"Remote sensing via high-altitude balloons (HAB) enables the detection of infrasonic signatures that propagate through the atmosphere. Wind turbines are one source of infrasound and present specific interest due to their harmonic tendencies, interference with seismic observations, and adverse effects on human health. Verification of the analysis tools’ validity within Python libraries is essential in accurately characterizing wind turbine signatures in a dataset. Thus, utilizing a pressure transducer specialized for infrasound detection to record a ceiling fan played an essential role in writing scripts containing specific algorithms to manipulate and visualize the targeted source. Signal processing aims to characterize the infrasonic signatures by building a computational tool. This was accomplished by generating periodograms estimating the power spectral density (PSD) of the data to identify prominent peaks. Moreover, harmonic signals were characterized by the computation of spectrograms that utilize Fast Fourier transforms (FFT). As part of the Innovation to Flight (i2F) Internship at Jet Propulsion Laboratory (JPL) and in preparation for a JPL balloon experiment in the Zephyrus series, the data analysis processing pipeline was constructed and tested on a raw data set obtained from a previous high-altitude balloon flight managed by Sandia Laboratory. Wind turbine harmonics were only found in the 10 to 30 Hz higher frequency band. However, the detection of wind turbines from their infrasonic signature found a fundamental frequency of 0.8 Hz, verifying the tools’ effectiveness regarding data set manipulation.",2024,211,0.0001
W4391598931,Implement and Integrate Flipped Metrology Laboratory in Manufacturing Education,2024,1,https://doi.org/10.18260/1-2--43508,Experimental Learning in Engineering,Engineering,Physical Sciences,Wayne Hung,"Traditional manufacturing classes cover engineering materials and manufacturing processes. Upon familiar with basic hand tools like calipers, micrometers, or indicators in laboratory exercises, students would understand metrology as dimension with tolerance and miss other important aspects of metrology such as shape, surface finish, and how the part shape would affect dimensional tolerances. The limited metrology knowledge would later show in capstone projects for undergraduate students and research projects for graduate students when designing and fabricating their engineering components. The issues follow when students joining manufacturing workforce in industry or research institution upon graduation.",2024,211,0.0001
W4393257527,Scaling and Localization in Multipole-Conserving Diffusion,2024,17,https://doi.org/10.1103/physrevlett.132.137102,Quantum many-body systems,Physics and Astronomy,Physical Sciences,Ethan Lake,"We study diffusion in systems of classical particles whose dynamics conserves the total center of mass. This conservation law leads to several interesting consequences. In finite systems, it allows for equilibrium distributions that are exponentially localized near system boundaries. It also yields an unusual approach to equilibrium, which in d dimensions exhibits scaling with dynamical exponent z=4+d. Similar phenomena occur for dynamics that conserves higher moments of the density, which we systematically classify using a family of nonlinear diffusion equations. In the quantum setting, analogous fermionic systems are shown to form real-space Fermi surfaces, while bosonic versions display a real-space analog of Bose-Einstein condensation.",2024,211,0.0001
W4403247240,Impacts from air pollution on respiratory disease outcomes: a meta-analysis,2024,13,https://doi.org/10.3389/fpubh.2024.1417450,Air Quality and Health Impacts,Environmental Science,Physical Sciences,Eahsan Shahriary; Jason Su; Shadi Aslebagh,"Introduction: Air pollution is widely acknowledged as a significant factor in respiratory outcomes, including coughing, wheezing, emergency department (ED) visits, and even death. Although several literature reviews have confirmed the association between air pollution and respiratory outcomes, they often did not standardize associations across different studies and overlooked other increasingly impactful pollutants such as trace metals. Recognizing the importance of consistent comparison and emissions of non-exhaust particles from road traffic, this study aims to comprehensively evaluate the standardized effects of various criteria pollutants and trace metals on respiratory health. Methods: We conducted a comprehensive meta-analysis of peer-reviewed journal articles on air pollution and respiratory outcomes published between 1 January 2000, and 1 June 2024. The study included children (age < 18 years), adults (age ≥ 18 years), and all age groups exposed to criteria pollutants established by the US Environmental Protection Agency National Ambient Air Quality Standards and over 10 trace metals. Using databases, such as PubMed, MEDLINE, Web of Science Core Collection, and Google Scholar, we identified 579 relevant articles. After rigorous screening and quality assessment using the Newcastle-Ottawa Scale, 50 high-quality studies were included. We converted various reported outcomes (e.g., odds ratios, relative risk, and percent increase) to a standardized odds ratio (OR) for comparability and performed meta-analyses using R 4.4.0 and related packages, ensuring the robustness of our findings. Results: ) and other pollutants, with children showing higher susceptibility than adults. The analysis of trace metals also showed significant associations; however, these findings require cautious interpretation due to the small number of studies. Conclusion: Our study supports associations between air pollutants, including non-exhaust trace metals, and respiratory outcomes across different age groups. The findings underscore the need for stringent environmental health policies and further research, especially in regions with higher pollution levels. The future studies should consider long-term and short-term exposures separately and include diverse populations to improve the accuracy and generalizability of the results.",2024,211,0.0001
W4396652621,Why are triploid quaking aspen (<i>Populus tremuloides</i>) common?,2024,3,https://doi.org/10.1002/ajb2.16325,Reproductive Biology and Fertility,Medicine,Health Sciences,Benjamin Blonder,"PREMISE: Quaking aspen is a clonal tree species that has mixed ploidy, often with high relative abundance of both diploids and triploids but no haploids or tetraploids. Triploids typically have low fertility, leaving their occurrence apparently unlikely from an evolutionary perspective, unless they provide a ""triploid bridge"" to generating higher-fitness tetraploids-which are not observed in this species. This study focused on how triploidy can be maintained in quaking aspen. METHODS: A computational model was used to simulate gamete production, sexual reproduction, asexual reproduction, parent survival, and offspring survival in a population. All parameters were assumed to be cytotype-dependent and environment-independent. Sampling methods were used to identify parameter combinations consistent with observed cytotype frequencies. RESULTS: Many processes and parameter values were sufficient to yield a moderate frequency of triploids, and very few were necessary. The most plausible route involved higher triploid survival at the parent or offspring stage and limited unreduced gamete production by either diploid or triploid parents. Triploid fertility was helpful but not necessary. CONCLUSIONS: The coexistence of diploids and triploids in quaking aspen is statistically likely and promoted by the existence of commonly observed, long-lived triploid clones. However, other mechanisms not captured by the model related to environmental variation could also occur. Further empirical data or more complex but difficult-to-parameterize models are needed to gain further insight.",2024,211,0.0001
W4390907809,Prediction of neurocritical care intensity through automated infrared pupillometry and transcranial doppler in blunt traumatic brain injury: the NOPE study,2024,12,https://doi.org/10.1007/s00068-023-02435-1,Traumatic Brain Injury and Neurovascular Disturbances,Medicine,Health Sciences,Claudio M. Privitera,"PURPOSE: This pilot study aimed to determine the capacity of automated infrared pupillometry (AIP) alone and in combination with transcranial doppler (TCD) on admission to rule out need for intense neuroAQ2 critical care (INCC) in severe traumatic brain injury (TBI). METHODS: In this observational pilot study clinicians performed AIP and TCD measurements on admission in blunt TBI patients with a Glasgow Coma Score (GCS) < 9 and/or motor score < 6. A Neurological Pupil index (NPi) < 3, Pulsatility Index (PI) > 1,4 or diastolic blood flow velocity (dV) of < 20 cm/s were used to rule out the need for INCC (exceeding the tier 0 Seattle Consensus Conference). The primary outcome was the negative likelihood ratio (nLR) of NPi < 3 alone or in combination with TCD to detect need for INCC. RESULTS: A total of 69 TBI patients were included from May 2019 to September 2020. Of those, 52/69 (75%) median age was 45 [28-67], median prehospital GCS of 7 [5-8], median Injury Severity Scale of 13.0 [6.5-25.5], median Marshall Score of 4 [3-5], the median Glasgow Outcome Scale at discharge was 3 [1-5]. NPi < 3 was an independent predictor of INCC. NPi demonstrated a nLR of 0,6 (95%CI 0.4-0.9; AUROC, 0.65, 95% CI 0.51-0.79), a combination of NPi and TCD showed a nLR of 0.6 (95% CI 0.4-1.0; AUROC 0.67 95% CI 0.52-0.83) to predict INCC. CONCLUSION: This pilot study suggests a possible useful contribution of NPi to determine the need for INCC in severe blunt TBI patients on admission.",2024,211,0.0001
W4401232952,Dysregulation of myelination‐related genes in schizophrenia,2024,8,https://doi.org/10.1111/jnc.16152,Neurogenesis and neuroplasticity mechanisms,Neuroscience,Life Sciences,Johanna J. D. Bergstrom; Meng‐meng Fu,"Schizophrenic individuals display disrupted myelination patterns, altered oligodendrocyte distribution, and abnormal oligodendrocyte morphology. Schizophrenia is linked with dysregulation of a variety of genes involved in oligodendrocyte function and myelin production. Single-nucleotide polymorphisms (SNPs) and rare mutations in myelination-related genes are observed in certain schizophrenic populations, representing potential genetic risk factors. Downregulation of myelination-related RNAs and proteins, particularly in frontal and limbic regions, is consistently associated with the disorder across multiple studies. These findings support the notion that disruptions in myelination may contribute to the cognitive and behavioral impairments experienced in schizophrenia, although further evidence of causation is needed.",2024,211,0.0001
W4390732712,"Harvesting Water from Air with High-Capacity, Stable Furan-Based Metal–Organic Frameworks",2024,72,https://doi.org/10.1021/jacs.3c11947,Metal-Organic Frameworks: Synthesis and Applications,Chemistry,Physical Sciences,Ali H. Alawadhi; Daria Kurandina; Ha L. Nguyen; Nakul Rampal; Omar M. Yaghi; Zhiling Zheng; Zichao Rong,"We synthesized two isoreticular furan-based metal–organic frameworks (MOFs), MOF-LA2-1(furan) and MOF-LA2-2(furan) with rod-like secondary building units (SBUs) featuring 1D channels, as sorbents for atmospheric water harvesting (LA = long arm). These aluminum-based MOFs demonstrated a combination of high water uptake and stability, exhibiting working capacities of 0.41 and 0.48 g water /g MOF (under isobaric conditions of 1.70 kPa), respectively. Remarkably, both MOFs showed a negligible loss in water uptake after 165 adsorption–desorption cycles. These working capacities rival that of MOF-LA2-1(pyrazole), which has a working capacity of 0.55 g water /g MOF . The current MOFs stand out for their high water stability, as evidenced by 165 cycles of water uptake and release. MOF-LA2-2(furan) is the first aluminum MOF to employ a double ‘long arm’ extension strategy, which is confirmed through single-crystal X-ray diffraction (SCXRD). The MOFs were synthesized by using a straightforward synthesis route. This study offers valuable insights into the design of durable, water-stable MOFs and underscores their potential for efficient water harvesting.",2024,211,0.0001
W4405000514,Real Effect or Bias? Good Practices for Evaluating the Robustness of Evidence From Comparative Observational Studies Through Quantitative Sensitivity Analysis for Unmeasured Confounding,2024,6,https://doi.org/10.1002/pst.2457,"Health Systems, Economic Evaluations, Quality of Life","Economics, Econometrics and Finance",Social Sciences,Peng Ding,"The assumption of ""no unmeasured confounders"" is a critical but unverifiable assumption required for causal inference yet quantitative sensitivity analyses to assess robustness of real-world evidence remains under-utilized. The lack of use is likely in part due to complexity of implementation and often specific and restrictive data requirements for application of each method. With the advent of methods that are broadly applicable in that they do not require identification of a specific unmeasured confounder-along with publicly available code for implementation-roadblocks toward broader use of sensitivity analyses are decreasing. To spur greater application, here we offer a good practice guidance to address the potential for unmeasured confounding at both the design and analysis stages, including framing questions and an analytic toolbox for researchers. The questions at the design stage guide the researcher through steps evaluating the potential robustness of the design while encouraging gathering of additional data to reduce uncertainty due to potential confounding. At the analysis stage, the questions guide quantifying the robustness of the observed result and providing researchers with a clearer indication of the strength of their conclusions. We demonstrate the application of this guidance using simulated data based on an observational fibromyalgia study, applying multiple methods from our analytic toolbox for illustration purposes.",2024,211,0.0001
W7161025812,"Data from: Social, environmental, and developmental factors affect the microbiota of barn owls (<em>Tyto alba</em>) in a cross-fostering experiment",2024,1,https://doi.org/10.5061/dryad.m0cfxppbt,,,,Ammon Corl; Rauri Bowie; Wayne Getz,"Background: Species host diverse microbial communities that can impact their digestion and health, which has led to much interest in understanding the factors that influence their microbiota. We studied the developmental, environmental, and social factors that influence the microbiota of nestling barn owls (Tyto alba) through a partial cross-fostering experiment that manipulated the social and nest environment of the nestlings. We then examined the nestling microbiota before and three weeks after the exchange of nestlings between nests, along with the microbiota of the adults at the nest and nestlings in unmanipulated nests. Results: We found that nestlings had higher bacterial diversity and different bacterial communities than adults. The microbiota of nestlings was more like that of their mothers than their fathers, but the similarity to the father tended to increase with the amount of time the father was in close proximity to the nest, as measured from movement data. Cross-fostered offspring had higher bacterial diversity and greater changes in bacterial community composition over time than control offspring. Cross-fostering led the microbiota of the nestlings in the experiment to converge on similar bacterial communities. The microbiota of nestling owls therefore rapidly changed along with alterations to their social and nest environments. Conclusions: These results highlight the dynamic nature of the microbiota during early development and that social interactions can shape microbial communities.",2024,211,0.0001
W4403365220,Constraints on compact objects from the Dark Energy Survey 5-yr supernova sample,2024,3,https://doi.org/10.1093/mnras/stae2614,Gamma-ray bursts and supernovae,Physics and Astronomy,Physical Sciences,N Weaverdyck,"ABSTRACT Gravitational lensing magnification of Type Ia supernovae (SNe Ia) allows information to be obtained about the distribution of matter on small scales. In this paper, we derive limits on the fraction $\alpha$ of the total matter density in compact objects (which comprise stars, stellar remnants, small stellar groupings, and primordial black holes) of mass M &amp;gt; 0.03 ${\rm M}_{\odot }$ over cosmological distances. Using 1532 SNe Ia from the Dark Energy Survey Year 5 sample (DES-SN5YR) combined with a Bayesian prior for the absolute magnitude M, we obtain α &amp;lt; 0.12 at the 95 per cent confidence level after marginalization over cosmological parameters, lensing due to large-scale structure, and intrinsic non-Gaussianity. Similar results are obtained using priors from the cosmic microwave background, baryon acoustic oscillations, and galaxy weak lensing, indicating our results do not depend on the background cosmology. We argue our constraints are likely to be conservative (in the sense of the values we quote being higher than the truth), but discuss scenarios in which they could be weakened by systematics of the order of $\Delta \alpha \sim 0.04$.",2024,211,0.0001
W4401881945,Birth of protein folds and functions in the virome,2024,102,https://doi.org/10.1038/s41586-024-07809-y,Bacteriophages and microbial interactions,Environmental Science,Physical Sciences,Daniel Bellieny‐Rabelo; Erin Doherty; Jason Nomburg; Jennifer A. Doudna; Nathan Price; Yong K. Zhu,"Abstract The rapid evolution of viruses generates proteins that are essential for infectivity and replication but with unknown functions, due to extreme sequence divergence 1 . Here, using a database of 67,715 newly predicted protein structures from 4,463 eukaryotic viral species, we found that 62% of viral proteins are structurally distinct and lack homologues in the AlphaFold database 2,3 . Among the remaining 38% of viral proteins, many have non-viral structural analogues that revealed surprising similarities between human pathogens and their eukaryotic hosts. Structural comparisons suggested putative functions for up to 25% of unannotated viral proteins, including those with roles in the evasion of innate immunity. In particular, RNA ligase T-like phosphodiesterases were found to resemble phage-encoded proteins that hydrolyse the host immune-activating cyclic dinucleotides 3′,3′- and 2′,3′-cyclic GMP-AMP (cGAMP). Experimental analysis showed that RNA ligase T homologues encoded by avian poxviruses similarly hydrolyse cGAMP, showing that RNA ligase T-mediated targeting of cGAMP is an evolutionarily conserved mechanism of immune evasion that is present in both bacteriophage and eukaryotic viruses. Together, the viral protein structural database and analyses presented here afford new opportunities to identify mechanisms of virus–host interactions that are common across the virome.",2024,211,0.0001
W4399220051,Accurate prediction of antibody deamidations by combining high-throughput automated peptide mapping and protein language model-based deep learning,2024,1,https://doi.org/10.26434/chemrxiv-2024-bf6pw,Monoclonal and Polyclonal Antibodies Research,Medicine,Health Sciences,Lili Wang,"Therapeutic antibodies such as monoclonal antibodies (mAbs), bispecific and multispecific antibodies are pivotal in therapeutic protein development and have transformed disease treatments across various therapeutic areas. The integrity of therapeutic antibodies, however, is compromised by sequence liabilities, notably deamidation, where asparagine (N) and glutamine (Q) residues undergo chemical degradations. Deamidation negatively impacts the efficacy, stability, and safety of diverse classes of antibodies, thus necessitating the critical need for early and accurate identification of vulnerable sites. In this article, a comprehensive antibody deamidation-specific dataset (n = 2285) of varied modalities was created by using high- throughput automated peptide mapping, followed by supervised machine learning to predict the deamidation propensities as well as extents throughout the entire antibody sequences. We propose a novel chimeric deep-learning model, integrating protein language model (pLM)- derived embeddings with local sequence information for enhanced deamidation predictions. Remarkably, this model requires only sequence inputs, eliminating the need for laborious feature engineering. Our approach demonstrates state-of-the-art performance, offering a streamlined workflow for high-throughput automated peptide mapping and deamidation prediction, with potential of broader applicability to other antibody sequence liabilities.",2024,211,0.0001
W4402686868,Document Classification Techniques for Aviation Letters of Agreement,2024,1,https://doi.org/10.2514/6.2024-4358,Risk and Safety Analysis,Decision Sciences,Social Sciences,Swetha Rajkumar,"Often when working with historic air traffic management (ATM) documents, it is helpful to classify them into specific categories. In this paper, we conduct a thorough review of natural language processing techniques to perform this classification task on Letters of Agreement (LOAs), technical aviation documents outlining rules for utilizing US airspace. We evaluate multiple techniques for representing the text in the documents as embeddings: unigram and bigram Term Frequency Inverse Document Frequency (TFIDF), Word2Vec, Doc2Vec, GloVe and RoBERTa. We investigate a wide range of classification models: K-Nearest Neighbors, Random Forest, Support Vector Machines (SVM), Logistic Regression, Naive Bayes, Feed- Forward Neural Network, Convolutional Neural Networks (CNNs) and Long-Short Term Memory (LSTM). By comparing the different methods, we found the best overall approach for our task was to use unigram TFIDF representations with SVM while also gaining insight into how the other methodologies performed on a small technical datasets.",2024,211,0.0001
